CREATE DATABASE  IF NOT EXISTS `book` /*!40100 DEFAULT CHARACTER SET utf8 COLLATE utf8_hungarian_ci */ /*!80016 DEFAULT ENCRYPTION='N' */;
USE `book`;
-- MySQL dump 10.13  Distrib 8.0.26, for macos11 (x86_64)
--
-- Host: localhost    Database: book
-- ------------------------------------------------------
-- Server version	8.0.26

/*!40101 SET @OLD_CHARACTER_SET_CLIENT=@@CHARACTER_SET_CLIENT */;
/*!40101 SET @OLD_CHARACTER_SET_RESULTS=@@CHARACTER_SET_RESULTS */;
/*!40101 SET @OLD_COLLATION_CONNECTION=@@COLLATION_CONNECTION */;
/*!50503 SET NAMES utf8 */;
/*!40103 SET @OLD_TIME_ZONE=@@TIME_ZONE */;
/*!40103 SET TIME_ZONE='+00:00' */;
/*!40014 SET @OLD_UNIQUE_CHECKS=@@UNIQUE_CHECKS, UNIQUE_CHECKS=0 */;
/*!40014 SET @OLD_FOREIGN_KEY_CHECKS=@@FOREIGN_KEY_CHECKS, FOREIGN_KEY_CHECKS=0 */;
/*!40101 SET @OLD_SQL_MODE=@@SQL_MODE, SQL_MODE='NO_AUTO_VALUE_ON_ZERO' */;
/*!40111 SET @OLD_SQL_NOTES=@@SQL_NOTES, SQL_NOTES=0 */;

--
-- Table structure for table `categories`
--

DROP TABLE IF EXISTS `categories`;
/*!40101 SET @saved_cs_client     = @@character_set_client */;
/*!50503 SET character_set_client = utf8mb4 */;
CREATE TABLE `categories` (
  `idcategories` int(11) unsigned zerofill NOT NULL AUTO_INCREMENT,
  `categories` varchar(45) CHARACTER SET utf8 COLLATE utf8_unicode_ci DEFAULT NULL,
  PRIMARY KEY (`idcategories`),
  UNIQUE KEY `idcategories_UNIQUE` (`idcategories`)
) ENGINE=InnoDB AUTO_INCREMENT=7 DEFAULT CHARSET=utf8mb3 COLLATE=utf8_unicode_ci;
/*!40101 SET character_set_client = @saved_cs_client */;

--
-- Dumping data for table `categories`
--

LOCK TABLES `categories` WRITE;
/*!40000 ALTER TABLE `categories` DISABLE KEYS */;
INSERT INTO `categories` VALUES (00000000001,'Troll'),(00000000002,'Drama'),(00000000003,'Romance'),(00000000004,'Action'),(00000000005,'Crime'),(00000000006,'Adventure');
/*!40000 ALTER TABLE `categories` ENABLE KEYS */;
UNLOCK TABLES;

--
-- Table structure for table `Fetches`
--

DROP TABLE IF EXISTS `Fetches`;
/*!40101 SET @saved_cs_client     = @@character_set_client */;
/*!50503 SET character_set_client = utf8mb4 */;
CREATE TABLE `Fetches` (
  `fetchesId` int NOT NULL AUTO_INCREMENT,
  `urlToFetch` varchar(255) CHARACTER SET utf8 COLLATE utf8_hungarian_ci DEFAULT NULL,
  `title` varchar(255) CHARACTER SET utf8 COLLATE utf8_hungarian_ci DEFAULT NULL COMMENT 'To be filled by an hourly job on da server',
  `description` varchar(255) CHARACTER SET utf8 COLLATE utf8_hungarian_ci DEFAULT NULL COMMENT 'To be filled by an hourly job on da server',
  `topic` varchar(255) CHARACTER SET utf8 COLLATE utf8_hungarian_ci DEFAULT NULL,
  `isSubscrible` tinyint(1) DEFAULT NULL,
  `TIME_` timestamp NULL DEFAULT CURRENT_TIMESTAMP ON UPDATE CURRENT_TIMESTAMP COMMENT 'Use it wisely',
  PRIMARY KEY (`fetchesId`)
) ENGINE=InnoDB AUTO_INCREMENT=3 DEFAULT CHARSET=utf8mb3 COLLATE=utf8_hungarian_ci;
/*!40101 SET character_set_client = @saved_cs_client */;

--
-- Dumping data for table `Fetches`
--

LOCK TABLES `Fetches` WRITE;
/*!40000 ALTER TABLE `Fetches` DISABLE KEYS */;
INSERT INTO `Fetches` VALUES (1,'https://editorial.rottentomatoes.com/article/rank-goldie-hawns-10-best-movies/','Rank Goldie Hawn\'s 10 Best Movies','When Goldie Hawn returns to theaters in this weekend’s Snatched alongside Amy Schumer, it’ll mark her first film release in 15 years — an unaccountably lengthy layoff, and one we’re happy to see come to an end. To demonstrate our affection for the ...','acting',0,'2017-05-16 15:54:28'),(2,'https://editorial.rottentomatoes.com/article/rank-kurt-russells-10-best-movies/','Rank Kurt Russell\'s 10 Best Movies','When he strolls on the screen this weekend as Ego the Living Planet in Guardians of the Galaxy Vol. 2, Kurt Russell will be bringing one of Marvel’s wackiest characters to life in the MCU — and adding another big hit to a filmography that already ...','acting',1,'2017-05-16 15:54:28');
/*!40000 ALTER TABLE `Fetches` ENABLE KEYS */;
UNLOCK TABLES;

--
-- Table structure for table `location`
--

DROP TABLE IF EXISTS `location`;
/*!40101 SET @saved_cs_client     = @@character_set_client */;
/*!50503 SET character_set_client = utf8mb4 */;
CREATE TABLE `location` (
  `locationId` int NOT NULL AUTO_INCREMENT,
  `formatted_address` varchar(255) CHARACTER SET utf8 COLLATE utf8_hungarian_ci DEFAULT NULL,
  `name` varchar(255) CHARACTER SET utf8 COLLATE utf8_hungarian_ci DEFAULT NULL,
  `latitude` varchar(45) CHARACTER SET utf8 COLLATE utf8_hungarian_ci DEFAULT NULL,
  `longitude` varchar(45) CHARACTER SET utf8 COLLATE utf8_hungarian_ci DEFAULT NULL,
  `time` timestamp NULL DEFAULT NULL,
  `thumbnail` varchar(255) CHARACTER SET utf8 COLLATE utf8_hungarian_ci DEFAULT NULL,
  PRIMARY KEY (`locationId`),
  UNIQUE KEY `locationId_UNIQUE` (`locationId`)
) ENGINE=InnoDB AUTO_INCREMENT=14 DEFAULT CHARSET=utf8mb3 COLLATE=utf8_hungarian_ci;
/*!40101 SET character_set_client = @saved_cs_client */;

--
-- Dumping data for table `location`
--

LOCK TABLES `location` WRITE;
/*!40000 ALTER TABLE `location` DISABLE KEYS */;
INSERT INTO `location` VALUES (1,'Budapest, Alkotás u. 53, Magyarország','Cinema City Mom Park','47.4909131','19.0241229','2016-07-03 23:03:28','/images/venues/MOM-mozi.jpg'),(2,'Budapest, Rákóczi út 21, 1088 Magyarország','Uránia Filmszínház','47.4953832','19.0651162','2016-07-03 23:03:28','/images/venues/urania_mozi.jpg'),(3,'Budapest, Corvin köz 1, 1082 Magyarország','Corvin Mozi','47.4861873','19.0713004','2016-07-03 23:03:28','/images/venues/corvin2_med.jpg'),(4,'Budapest, Balassi Bálint u. 15-17, 1055 Magyarország','Cirko-Gejzír Filmszínház','47.51110320000001','19.0473337','2016-07-03 23:03:28',''),(5,'Budapest, Kossuth Lajos u. 18, 1053 Magyarország','Puskin Mozi','47.49404209999999','19.0583964','2016-07-03 23:03:28','/images/venues/puskin_mozi.jpg'),(6,'Budapest, Teréz krt. 30, 1066 Magyarország','Művész Mozi','47.5065963','19.0611456','2016-07-03 23:03:28','/images/venues/muvesz_mozi.jpg'),(7,'Budapest, Nagytétényi út 37-43, 1225 Magyarország','Cinema City Campona','47.4075062','19.0183425','2016-07-03 23:03:28','/images/venues/campona-mozi.jpg'),(8,'Budapest, Váci út 22-24, 1132 Magyarország','I.T. Magyar Cinema Kft.','47.51413579999999','19.05828959999999','2016-07-03 23:03:28',NULL),(9,'Budapest, Lövőház u. 2-6, 1024 Magyarország','Palace Mammut','47.50859999999999','19.0258','2016-07-03 23:03:28','/images/venues/mammut-mozi.jpg'),(10,'Budapest, Allee bevásárlóközpont, Október huszonharmadika u. 8-10, 1117 Magyarország','Cinema City Allee','47.4754174','19.0488664','2016-07-03 23:03:28','/images/venues/cinemacity03.jpg'),(11,'Budapest, Kazinczy u. 14, 1075 Magyarország','Szimpla Kertmozi','47.496889','19.0632701','2016-07-03 23:03:28','/images/venues/szimpla_mozi.jpg'),(12,'Budapest, Erzsébet krt. 39, 1074 Magyarország','Örökmozgó Filmmúzeum','47.5018675','19.0675644','2016-07-03 23:03:28',''),(13,'Budapest, Hollán Ernő u. 7., 1136 Magyarország','Odeon Lloyd Mozi','47.5137753','19.0498709','2016-07-03 23:03:28',NULL);
/*!40000 ALTER TABLE `location` ENABLE KEYS */;
UNLOCK TABLES;

--
-- Table structure for table `Movie`
--

DROP TABLE IF EXISTS `Movie`;
/*!40101 SET @saved_cs_client     = @@character_set_client */;
/*!50503 SET character_set_client = utf8mb4 */;
CREATE TABLE `Movie` (
  `movieId` int NOT NULL AUTO_INCREMENT,
  `detail` mediumtext CHARACTER SET utf8 COLLATE utf8_hungarian_ci,
  `name` varchar(255) CHARACTER SET utf8 COLLATE utf8_hungarian_ci DEFAULT NULL,
  `thumbnail_picture` varchar(255) CHARACTER SET utf8 COLLATE utf8_hungarian_ci DEFAULT NULL,
  `large_picture` varchar(255) CHARACTER SET utf8 COLLATE utf8_hungarian_ci DEFAULT NULL,
  `iMDB_url` varchar(255) CHARACTER SET utf8 COLLATE utf8_general_ci DEFAULT NULL,
  `category` varchar(45) CHARACTER SET utf8 COLLATE utf8_hungarian_ci DEFAULT NULL,
  PRIMARY KEY (`movieId`),
  UNIQUE KEY `movieId_UNIQUE` (`movieId`)
) ENGINE=InnoDB AUTO_INCREMENT=1108 DEFAULT CHARSET=utf8mb3 COLLATE=utf8_hungarian_ci;
/*!40101 SET character_set_client = @saved_cs_client */;

--
-- Dumping data for table `Movie`
--

LOCK TABLES `Movie` WRITE;
/*!40000 ALTER TABLE `Movie` DISABLE KEYS */;
INSERT INTO `Movie` VALUES (1002,'A fisherman, a smuggler, and a syndicate of businessmen match wits over the possession of a priceless diamond.','Blood Diamond','/images/movies/blood-diamond.jpg','/images/movies/blood-diamond.jpg','http://www.imdb.com/title/tt0450259','Drama'),(1003,'A private detective hired to expose an adulterer finds himself caught up in a web of deceit, corruption and murder.','Chinatown',NULL,'/images/movies/chinatown.jpg','http://www.imdb.com/title/tt0071315','Crime'),(1006,'Two boys growing up in a violent neighborhood of Rio de Janeiro take different paths: one becomes a photographer, the other a drug dealer.','City of God','NULL','/images/movies/city-of-god.jpg','http://www.imdb.com/title/tt0317248','none'),(1007,'A silent movie star meets a young dancer, but the arrival of talking pictures sends their careers in opposite directions.','The Artist','NULL','/images/movies/TheArtistMovie.jpg','http://www.imdb.com/title/tt1655442','none'),(1008,'Set in Depression-era Franklin County, Virginia, a trio of bootlegging brothers are threatened by a new special deputy and other authorities angling for a cut of their profits.','Lawless','NULL','/images/movies/thelawless.jpg','http://www.imdb.com/title/tt1212450','none'),(1009,'With the help of a German bounty hunter, a freed slave sets out to rescue his wife from a brutal Mississippi plantation owner.','Django Unchained','NULL','/images/movies/django.jpg','http://www.imdb.com/title/tt1853728','none'),(1010,'Bond\'s loyalty to M is tested when her past comes back to haunt her. Whilst MI6 comes under attack, 007 must track down and destroy the threat, no matter how personal the cost.','Skyfall','NULL','/images/movies/skyfall.jpg','http://www.imdb.com/title/tt1074638','Action'),(1012,'A criminal pleads insanity after getting into trouble again and once in the mental institution rebels against the oppressive nurse and rallies up the scared patients.','One Flew Over the Cuckoo\'s Nest','NULL','/images/movies/one-flew-over-the-cuckoos-nest.jpg','http://www.imdb.com/title/tt0073486','none'),(1013,'An insane general triggers a path to nuclear holocaust that a war room full of politicians and generals frantically try to stop.','Dr. Strangelove or: How I Learned to Stop Worrying and Love the Bomb','NULL','/images/movies/dr-strangelove.jpg','http://www.imdb.com/title/tt0057012','Drama'),(1014,'A retired legal counselor writes a novel hoping to find closure for one of his past unresolved homicide cases and for his unreciprocated love with his superior - both of which still haunt him decades later.','The Secret in Their Eyes','NULL','/images/movies/el_secreto.jpg','http://www.imdb.com/title/tt1305806','none'),(1015,'The boss of a major crime syndicate orders his lieutenant to bring a rogue gang of drug traffickers in line, a job that gets passed on to his long-suffering subordinate.','Emésztő harag','NULL','/images/movies/Outrage-Beyond.jpg','http://www.imdb.com/title/tt1462667','none'),(1016,'After being kidnapped and imprisoned for 15 years, Oh Dae-Su is released, only to find that he must find his captor in 5 days.','Oldboy','NULL','/images/movies/oldboy.jpg','http://www.imdb.com/title/tt0364569','none'),(1017,'A U.S Marshal investigates the disappearance of a murderess who escaped from a hospital for the criminally insane.','Shutter Island','NULL','/images/movies/shutter-island.jpg','http://www.imdb.com/title/tt1130884','none'),(1018,'An exceptionally adept Florida lawyer is offered a job to work in New York City for a high-end law firm with a high-end boss - the biggest opportunity of his career to date.','The Devil\'s Advocate','NULL','/images/movies/the-devils-advocate.jpg','http://www.imdb.com/title/tt0118971','Drama'),(1019,'A ghostwriter hired to complete the memoirs of a former British prime minister uncovers secrets that put his own life in jeopardy.','The Ghost Writer','NULL','/images/movies/Ghostwriter.jpg','http://www.imdb.com/title/tt1139328','Drama'),(1020,'A look at four seasons in the lives of a happily married couple and their relationships with their family and friends.','Another Year','NULL','/images/movies/another_year.jpg','http://www.imdb.com/title/tt1431181','none'),(1021,'A Phoenix secretary steals $40,000 from her employer\'s client, goes on the run and checks into a remote motel run by a young man under the domination of his mother.','Psycho','NULL','/images/movies/psycho.jpg','http://www.imdb.com/title/tt0054215','none'),(1022,'Following the death of a publishing tycoon, news reporters scramble to discover the meaning of his final utterance.','Citizen Kane','NULL','/images/movies/Citizen-Kane.jpg','http://www.imdb.com/title/tt0033467','none'),(1023,'French filmmaker Rene Clement presents Alan Delon as a petty criminal on the run from the underground. On the Rivera, he seeks refuge in a flophouse whose soup line is served by Jane Fonda ... See full summary »','Joy House','NULL','/images/movies/joy-house.jpg','http://www.imdb.com/title/tt0058123','none'),(1024,'Inspired by the modern classic, Wings of Desire, City involves an angel (Cage) who is spotted by a doctor in an operating room. Franz plays Cage\'s buddy who somehow knows a lot about angels.','Angyalok városa','NULL','/images/movies/city_of_angels.jpg','http://www.imdb.com/title/tt0120632','none'),(1025,'A spoiled heiress, running away from her family, is helped by a man who is actually a reporter in need of a story.','It Happened One Night','NULL','/images/movies/It-Happened-One-Night.jpg','http://www.imdb.com/title/tt0025316','Romance'),(1026,'Angie Rossini is an innocent (Italian Catholic) Macy\'s salesgirl, who discovers she\'s pregnant from a fling with Rocky, a musician. Angie finds Rocky (who doesn\'t remember her at first) to ... See full summary »','Love with the Proper Stranger','NULL','/images/movies/love-with-the-proper-stranger.jpg','http://www.imdb.com/title/tt0057263','Romance'),(1027,'After a stint in a mental institution, former teacher Pat Solitano moves back in with his parents and tries to reconcile with his ex-wife. Things get more challenging when Pat meets Tiffany, a mysterious girl with problems of her own.','Silver Linings Playbook','NULL','/images/movies/silver-linings-playbook.jpg','http://www.imdb.com/title/tt1045658','Romance'),(1028,'After he becomes a quadriplegic from a paragliding accident, an aristocrat hires a young man from the projects to be his caregiver.','The Intouchables','NULL','/images/movies/intouchables.jpg','http://www.imdb.com/title/tt1675434','none'),(1029,'After India\'s father dies, her Uncle Charlie, who she never knew existed, comes to live with her and her unstable mother. She comes to suspect this mysterious, charming man has ulterior motives and becomes increasingly infatuated with him.','Stoker','NULL','/images/movies/stoker.jpg','http://www.imdb.com/title/tt1682180','none'),(1030,'In Hamburg, German-Greek chef Zinos unknowingly disturbs the peace in his locals-only restaurant by hiring a more talented chef.','Soul Kitchen','NULL','/images/movies/Soul-Kitchen.jpg','http://www.imdb.com/title/tt1244668','none'),(1031,'24 hours in the lives of three young men in the French suburbs the day after a violent riot.','La Haine','NULL','/images/movies/le-haine.jpg','http://www.imdb.com/title/tt0113247','Drama'),(1032,'Renton, deeply immersed in the Edinburgh drug scene, tries to clean up and get out, despite the allure of the drugs and influence of friends.','Trainspotting','NULL','/images/movies/trainspotting.jpg','http://www.imdb.com/title/tt0117951','none'),(1033,'In 1970s America, a detective works to bring down the drug empire of Frank Lucas, a heroin kingpin from Manhattan, who is smuggling the drug into the country from the Far East.','American Gangster','NULL','/images/movies/American_Gangster.jpg','http://www.imdb.com/title/tt0765429','Troll'),(1034,'An industrial worker who hasn\'t slept in a year begins to doubt his own sanity.','The Machinist','NULL','/images/movies/the-machinist.jpg','http://www.imdb.com/title/tt0361862','none'),(1035,'Tragedy strikes a married couple on vacation in the Moroccan desert, touching off an interlocking story involving four different families.','Bábel','NULL','/images/movies/babel.jpg','http://www.imdb.com/title/tt0449467','none'),(1036,'An east European girl goes to America with her young son, expecting it to be like a Hollywood film.','Táncos a sötétben','NULL','/images/movies/dancer-in-the-dark.jpg','http://www.imdb.com/title/tt0168629','none'),(1037,'Based on the true story of Jordan Belfort, from his rise to a wealthy stock-broker living the high life to his fall involving crime, corruption and the federal government.','The Wolf of Wall Street','NULL','/images/movies/the-wolf-of-wall-street.jpg','http://www.imdb.com/title/tt0993846','none'),(1038,'In the antebellum United States, Solomon Northup, a free black man from upstate New York, is abducted and sold into slavery.','12 Years a Slave','NULL','/images/movies/12years.jpg','http://www.imdb.com/title/tt2024544','Crime'),(1039,'A con man, Irving Rosenfeld, along with his seductive partner Sydney Prosser, is forced to work for a wild FBI agent, Richie DiMaso, who pushes them into a world of Jersey powerbrokers and mafia.','American Hustle','NULL','/images/movies/american-hustle.jpg','http://www.imdb.com/title/tt1800241','Crime'),(1040,'A lonely writer develops an unlikely relationship with his newly purchased operating system that\'s designed to meet his every need.','Her','NULL','/images/movies/her.jpg','http://www.imdb.com/title/tt1798709','none'),(1041,'A Russian teenager living in London who dies during childbirth leaves clues to a midwife in her journal that could tie her child to a rape involving a violent Russian mob family.','Eastern Promises','NULL','/images/movies/eastern-promises.png','http://www.imdb.com/title/tt0765443','none'),(1042,'A jury holdout attempts to prevent a miscarriage of justice by forcing his colleagues to reconsider the evidence.','12 Angry Men','NULL','/images/movies/12-angry-men.jpg','http://www.imdb.com/title/tt0050083','Drama'),(1043,'A Mumbai teen reflects on his upbringing in the slums when he is accused of cheating on the Indian Version of Who Wants to be a Millionaire?\"\"','Slumdog Millionaire','NULL','/images/movies/slumdog-millionaire.jpg','http://www.imdb.com/title/tt1010048','none'),(1044,'An undercover cop and a mole in the police attempt to identify each other while infiltrating an Irish gang in South Boston.','The Departed','NULL','/images/movies/the-departed.jpg','http://www.imdb.com/title/tt0407887','none'),(1045,'Los Angeles citizens with vastly separate lives collide in interweaving stories of race, loss and redemption.','Ütközések','NULL','/images/movies/Crash.jpg','http://www.imdb.com/title/tt0375679','none'),(1046,'After John Nash, a brilliant but asocial mathematician, accepts secret work in cryptography, his life takes a turn for the nightmarish.','A Beautiful Mind','NULL','/images/movies/a-beautiful-mind.jpg','http://www.imdb.com/title/tt0268978','Drama'),(1047,'A determined woman works with a hardened boxing trainer to become a professional.','Million Dollar Baby','NULL','/images/movies/million-dollar-baby.jpg','http://www.imdb.com/title/tt0405159','none'),(1048,'A sexually frustrated suburban father has a mid-life crisis after becoming infatuated with his daughter\'s best friend.','American Beauty','NULL','/images/movies/american-beauty.jpg','http://www.imdb.com/title/tt0169547','none'),(1049,'When a Roman general is betrayed and his family murdered by an emperor\'s corrupt son, he comes to Rome as a gladiator to seek revenge.','Gladiator','NULL','/images/movies/gladiator.jpg','http://www.imdb.com/title/tt0172495','none'),(1050,'In Poland during World War II, Oskar Schindler gradually becomes concerned for his Jewish workforce after witnessing their persecution by the Nazis.','Schindler\'s List','NULL','/images/movies/schindlers_list.jpg','http://www.imdb.com/title/tt0108052','none'),(1051,'Forrest Gump, while not intelligent, has accidentally been present at many historic moments, but his true love, Jenny Curran, eludes him.','Forrest Gump','NULL','/images/movies/forrest-gump.jpg','http://www.imdb.com/title/tt0109830','none'),(1052,'When his secret bride is executed for assaulting an English soldier who tried to rape her, William Wallace begins a revolt against King Edward I of England.','Braveheart','NULL','/images/movies/braveheart.jpg','http://www.imdb.com/title/tt0112573','none'),(1053,'At the close of WWII, a young nurse tends to a badly-burned plane crash victim. His past is shown in flashbacks, revealing an involvement in a fateful love affair.','The English Patient','NULL','/images/movies/english-patient.jpg','http://www.imdb.com/title/tt0116209','none'),(1054,'A young F.B.I. cadet must confide in an incarcerated and manipulative killer to receive his help on catching another serial killer who skins his victims.','The Silence of the Lambs','NULL','/images/movies/silence-of-the-lambs.jpg','http://www.imdb.com/title/tt0102926','none'),(1055,'An old Jewish woman and her African-American chauffeur in the American South have a relationship that grows and improves over the years.','Driving Miss Daisy','NULL','/images/movies/driving-miss-daisy.jpg','http://www.imdb.com/title/tt0097239','none'),(1056,'The story of the final Emperor of China.','Az utolsó császár','NULL','/images/movies/The-Last-Emperor.jpg','http://www.imdb.com/title/tt0093389','none'),(1057,'A pair of NYC cops in the Narcotics Bureau stumble onto a drug smuggling job with a French connection.','The French Connection','NULL','/images/movies/the-french-connection.jpg','http://www.imdb.com/title/tt0067116','Crime'),(1058,'The aging patriarch of an organized crime dynasty transfers control of his clandestine empire to his reluctant son.','The Godfather','NULL','/images/movies/the-godfather.jpg','http://www.imdb.com/title/tt0068646','Troll'),(1059,'The story of TE Lawrence, the English officer who successfully united and lead the diverse, often warring, Arab tribes during World War 1 in order to fight the Turks.','Lawrence of Arabia','NULL','/images/movies/Lawrence-of-Arabia.jpg','http://www.imdb.com/title/tt0056172','none'),(1060,'In Casablanca, Morocco during the early days of World War II, an American expatriate meets a former lover, with unforeseen complications.','Casablanca','NULL','/images/movies/casablanca.jpg','http://www.imdb.com/title/tt0034583','none'),(1061,'A manipulative Southern belle carries on a turbulent affair with a blockade runner during the American Civil War.','Gone with the Wind','NULL','/images/movies/gone-with-the-wind.jpg','http://www.imdb.com/title/tt0031381','none'),(1062,'A Victorian Englishman bets that with the new steamships and railways he can do what the title says.','Around the World in Eighty Days','NULL','/images/movies/around-the-world-in-80-days.jpg','http://www.imdb.com/title/tt0048960','none'),(1063,'After settling his differences with a Japanese PoW camp commander, a British colonel co-operates to oversee his men\'s construction of a railway bridge for their captors - while oblivious to a plan by the Allies to destroy it.','The Bridge on the River Kwai','NULL','/images/movies/bridge-over-the-river-kwai.jpg','http://www.imdb.com/title/tt0050212','none'),(1064,'Two youngsters from rival New York City gangs fall in love, but tensions between their respective friends build toward tragedy.','West Side Story','NULL','/images/movies/West-Side-Story.jpg','http://www.imdb.com/title/tt0055614','none'),(1065,'A misogynistic and snobbish phonetics professor agrees to a wager that he can take a flower girl and make her presentable in high society.','My Fair Lady','NULL','/images/movies/my_fair_lady.jpg','http://www.imdb.com/title/tt0058385','Romance'),(1066,'Ted Kramer\'s wife leaves her husband, allowing for a lost bond to be rediscovered between Ted and his son, Billy. But a heated custody battle ensues over the divorced couple\'s son, deepening the wounds left by the separation.','Kramer vs. Kramer','NULL','/images/movies/Kramer-vs-Kramer.jpg','http://www.imdb.com/title/tt0079417','none'),(1067,'A young recruit in Vietnam faces a moral crisis when confronted with the horrors of war and the duality of man.','Platoon','NULL','/images/movies/platoon.jpg','http://www.imdb.com/title/tt0091763','none'),(1068,'Lt. John Dunbar, exiled to a remote western Civil War outpost, befriends wolves and Indians, making him an intolerable aberration in the military.','Dances with Wolves','NULL','/images/movies/Dances_with_Wolves.jpg','http://www.imdb.com/title/tt0099348','none'),(1069,'The early life and career of Vito Corleone in 1920s New York is portrayed while his son, Michael, expands and tightens his grip on his crime syndicate stretching from Lake Tahoe, Nevada to pre-revolution 1958 Cuba.','The Godfather: Part II','NULL','/images/movies/the-godfather-2.jpg','http://www.imdb.com/title/tt0071562','none'),(1070,'Two counterculture bikers travel from Los Angeles to New Orleans in search of America.','Easy Rider','NULL','/images/movies/easyriders.jpg','http://www.imdb.com/title/tt0064276','Romance'),(1071,'Two Navy men are ordered to bring a young offender to prison but decide to show him one last good time along the way.','The Last Detail','NULL','/images/movies/last-detail.jpg','http://www.imdb.com/title/tt0070290','Drama'),(1072,'Emma left Russia to live with her husband in Italy. Now a member of a powerful industrial family, she is the respected mother of three, but feels unfulfilled. One day, Antonio, a talented chef and her son\'s friend, makes her senses kindle.','Szerelmes lettem','NULL','/images/movies/Io-sono-l-amore.jpg','http://www.imdb.com/title/tt1226236','none'),(1073,'In Nazi-occupied France during World War II, a plan to assassinate Nazi leaders by a group of Jewish U.S. soldiers coincides with a theatre owner\'s vengeful plans for the same.','Inglourious Basterds','NULL','/images/movies/inglourious-basterds.jpg','http://www.imdb.com/title/tt0361748','none'),(1074,'Unscrupulous boxing promoters, violent bookmakers, a Russian gangster, incompetent amateur robbers, and supposedly Jewish jewelers fight to track down a priceless stolen diamond.','Snatch.','NULL','/images/movies/snatch.jpg','http://www.imdb.com/title/tt0208092','none'),(1075,'An ingenue insinuates herself in to the company of an established but aging stage actress and her circle of theater friends.','All About Eve','NULL','/images/movies/all-about-eve.jpg','http://www.imdb.com/title/tt0042192','none'),(1076,'The adventures of Gustave H, a legendary concierge at a famous hotel from the fictional Republic of Zubrowka between the first and second World Wars, and Zero Moustafa, the lobby boy who becomes his most trusted friend.','The Grand Budapest Hotel','NULL','/images/movies/The-Grand-Budapest.png','http://www.imdb.com/title/tt2278388','none'),(1077,'In a social context deteriorated by a countrywide economic crisis, the life of several people will be turned upside down after they meet Cecile, a character who symbolizes desire.','Q - Érzékek birodalma','NULL','/images/movies/Q.jpg','http://www.imdb.com/title/tt1879030','none'),(1078,'A neo-nazi sentenced to community service at a church clashes with the blindly devotional priest.','Adam\'s Apples','NULL','/images/movies/adams-apple.jpg','http://www.imdb.com/title/tt0418455','none'),(1079,'The rich man Domenico and Filumena, a penniless prostitute, share great part of their lives in the immediate post WWII Italy.','Marriage Italian Style','NULL','/images/movies/marriage-italian-style.jpg','http://www.imdb.com/title/tt0058335','none'),(1080,'An epic portrait of late Sixties America, as seen through the portrayal of two of its children: anthropology student Daria (who\'s helping a property developer build a village in the Los ... See full summary »','Zabriskie Point','NULL','/images/movies/Zabriskie-Point.jpg','http://www.imdb.com/title/tt0066601','Drama'),(1081,'Comic caper movie about a plan to steal a gold shipment from the streets of Turin by creating a traffic jam.','The Italian Job','NULL','/images/movies/the-italian-job.jpg','http://www.imdb.com/title/tt0064505','none'),(1082,'A young, ambitious mobster plans an elaborate diamond heist while seducing the daughter of a ruthless mob patriarch as a determined police commissioner closes in on all of them.','The Sicilian Clan','NULL','/images/movies/the-sicilian-clan.jpg','http://www.imdb.com/title/tt0064169','Crime'),(1083,'Two neighbors, a persecuted journalist and a resigned housewife, meet during Hitler\'s visit in Italy in 1938.','A Special Day','NULL','/images/movies/a-special-day.jpg','http://www.imdb.com/title/tt0076085','none'),(1084,'An Italian woman conducts a desperate search for her husband, a soldier considered missing in action in Russia - like fifty thousand others during WWII.','Napraforgó','NULL','/images/movies/sunflower.jpg','http://www.imdb.com/title/tt0065782','none'),(1085,'A disillusioned college graduate finds himself torn between his older lover and her daughter.','The Graduate','NULL','/images/movies/the_graduate.jpg','http://www.imdb.com/title/tt0061722','none'),(1086,'A mysterious Hollywood stuntman and mechanic moonlights as a getaway driver and finds himself trouble when he helps out his neighbor.','Drive','NULL','/images/movies/drive.jpg','http://www.imdb.com/title/tt0780504','none'),(1087,'Mick Haller is a defense lawyer who works out of his Lincoln. When a wealthy Realtor is accused of assaulting a prostitute, Haller is asked to defend him. The man claims that the woman is ... See full summary »','The Lincoln Lawyer','NULL','/images/movies/lincoln-lawyer.jpg','http://www.imdb.com/title/tt1189340','none'),(1088,'As the extremely withdrawn Don Johnston is dumped by his latest woman, he receives an anonymous letter from a former lover informing him that he has a son who may be looking for him. A freelance sleuth neighbor moves Don to embark on a cross-country search for his old flames in search of answers.','Broken Flowers','NULL','/images/movies/broken-flowers.jpg','http://www.imdb.com/title/tt0412019','none'),(1089,'In 1945, in the World War II in Germany, the tough Sergeant Don \'Wardaddy\' Collier commands a tank and survives to a German attack with his veteran crew composed of Boyd \'Bible\' Swan, Trini... See full summary »','Fury','NULL','/images/movies/fury.jpg','http://www.imdb.com/title/tt2713180','none'),(1090,'A young woman\'s world unravels when a drug prescribed by her psychiatrist has unexpected side effects.','Side Effects','NULL','/images/movies/side-effects.jpg','http://www.imdb.com/title/tt2053463','none'),(1091,'A trip to Lisbon helps a nerdy guy who is quickly approaching 30 finally get his mojo back.','VAN valami furcsa és megmagyarázhatatlan','NULL','/images/movies/van-valami.jpg','http://www.imdb.com/title/tt3496334','none'),(1092,'A team of explorers travel through a wormhole in space in an attempt to ensure humanity\'s survival.','Interstellar','NULL','/images/movies/interstellar.jpg','http://www.imdb.com/title/tt0816692','none'),(1093,'An American adventurer investigates the past of mysterious tycoon Arkadin...placing himself in grave danger.','Confidential Report','NULL','/images/movies/Confidential-report.jpg','http://www.imdb.com/title/tt0048393','none'),(1094,'A vengeful fairy is driven to curse an infant princess, only to discover that the child may be the one person who can restore peace to their troubled land.','Maleficent','NULL','/images/movies/maleficent.jpg','http://www.imdb.com/title/tt1587310','none'),(1095,'Violence and mayhem ensue after a hunter stumbles upon a drug deal gone wrong and more than two million dollars in cash near the Rio Grande.','No Country for Old Men','NULL','/images/movies/no-country-for-old-men.jpg','http://www.imdb.com/title/tt0477348','none'),(1096,'A shy young heiress marries a charming gentleman, and soon begins to suspect he is planning to murder her.','Suspicion','NULL','/images/movies/suspicion.jpg','http://www.imdb.com/title/tt0034248','none'),(1097,'Katniss Everdeen is in District 13 after she shatters the games forever. Under the leadership of President Coin and the advice of her trusted friends, Katniss spreads her wings as she fights to save Peeta and a nation moved by her courage.','The Hunger Games: Mockingjay - Part 1','NULL','/images/movies/the-hunger-games-mockingjay-part-1.jpg','http://www.imdb.com/title/tt1951265','none'),(1098,'A loser of a crook and his wife strike it rich when a botched bank job\'s cover business becomes a spectacular success.','Small Time Crooks','NULL','/images/movies/small-time-crooks.jpg','http://www.imdb.com/title/tt0196216','none'),(1099,'When a shy groom practices his wedding vows in the inadvertent presence of a deceased young woman, she rises from the grave assuming he has married her.','Corpse Bride','NULL','/images/movies/corpse-bride.jpg','http://www.imdb.com/title/tt0121164','Drama'),(1100,'A medical engineer and an astronaut work together to survive after an accident leaves them adrift in space.','Gravity','NULL','/images/movies/gravity.jpg','http://www.imdb.com/title/tt1454468','none'),(1101,'Set in 1930s Paris, an orphan who lives in the walls of a train station is wrapped up in a mystery involving his late father and an automaton.','Hugo','NULL','/images/movies/hugo_clock.jpg','http://www.imdb.com/title/tt0970179','none'),(1102,'A scheming widow and her manipulative ex-lover make a bet regarding the corruption of a recently married woman.','Dangerous Liaisons','NULL','/images/movies/dangerous-liaisons.jpg','http://www.imdb.com/title/tt0094947','none'),(1103,'An ex-Marine turned teacher struggles to connect with her students in an inner city school.','Dangerous Minds','NULL','/images/movies/Dangerous_Minds.jpg','http://www.imdb.com/title/tt0112792','Drama'),(1104,'A mentally handicapped man fights for custody of his 7-year-old daughter, and in the process teaches his cold hearted lawyer the value of love and family.','I Am Sam','NULL','/images/movies/i_am_sam.jpg','http://www.imdb.com/title/tt0277027','none'),(1105,'A tale of nineteenth-century New York high society in which a young lawyer falls in love with a woman separated from her husband, while he is engaged to the woman\'s cousin.','The Age of Innocence','NULL','/images/movies/the-age-of-innocence.jpg','http://www.imdb.com/title/tt0106226','none'),(1106,'A lawyer becomes targeted by a corrupt politician and his N.S.A. goons when he accidentally receives key evidence to a politically motivated crime.','Enemy of the State','','/images/movies/enemy_of_the_state.jpg','https://www.imdb.com/title/tt0120660','Action'),(1107,'A small-time thief steals a car and impulsively murders a motorcycle policeman. Wanted by the authorities, he reunites with a hip American journalism student and attempts to persuade her to run away with him to Italy.','Breathless',NULL,'/images/movies/breathless.jpg','http://www.imdb.com/title/tt0053472','Drama');
/*!40000 ALTER TABLE `Movie` ENABLE KEYS */;
UNLOCK TABLES;

--
-- Table structure for table `Purchase`
--

DROP TABLE IF EXISTS `Purchase`;
/*!40101 SET @saved_cs_client     = @@character_set_client */;
/*!50503 SET character_set_client = utf8mb4 */;
CREATE TABLE `Purchase` (
  `purchaseId` int NOT NULL AUTO_INCREMENT,
  `uuid` char(255) CHARACTER SET utf8 COLLATE utf8_hungarian_ci NOT NULL,
  `TIME_` timestamp NOT NULL DEFAULT CURRENT_TIMESTAMP ON UPDATE CURRENT_TIMESTAMP,
  `orderId` char(255) CHARACTER SET utf8 COLLATE utf8_hungarian_ci DEFAULT NULL,
  `braintree_customerId` varchar(45) CHARACTER SET utf8 COLLATE utf8_hungarian_ci DEFAULT NULL,
  PRIMARY KEY (`purchaseId`)
) ENGINE=InnoDB AUTO_INCREMENT=208 DEFAULT CHARSET=utf8mb3 COLLATE=utf8_hungarian_ci;
/*!40101 SET character_set_client = @saved_cs_client */;

--
-- Dumping data for table `Purchase`
--

LOCK TABLES `Purchase` WRITE;
/*!40000 ALTER TABLE `Purchase` DISABLE KEYS */;
INSERT INTO `Purchase` VALUES (172,'97c6fd76-ed90-11e9-871a-874ce8a992e2','2020-10-07 15:22:11','1602083992623',NULL),(174,'65f63602-6ddf-11e5-8441-71caa0c5f788','2020-10-07 16:06:50','1602086671305',NULL),(175,'65f63602-6ddf-11e5-8441-71caa0c5f788','2020-10-07 16:35:31','1602088392759',NULL),(176,'65f63602-6ddf-11e5-8441-71caa0c5f788','2020-10-07 16:55:21','1602089582658',NULL),(191,'65f63602-6ddf-11e5-8441-71caa0c5f788','2020-10-07 17:58:25','1602093363350',NULL),(192,'65f63602-6ddf-11e5-8441-71caa0c5f788','2020-10-07 18:02:30','1602093606665',NULL),(193,'65f63602-6ddf-11e5-8441-71caa0c5f788','2020-10-07 18:05:20','1602093776707',NULL),(194,'65f63602-6ddf-11e5-8441-71caa0c5f788','2020-10-07 18:07:24','1602093905021',NULL),(196,'65f63602-6ddf-11e5-8441-71caa0c5f788','2020-10-07 18:21:57','1602094778514',NULL),(197,'65f63602-6ddf-11e5-8441-71caa0c5f788','2020-10-07 18:28:10','1602095150887',NULL),(200,'65f63602-6ddf-11e5-8441-71caa0c5f788','2020-12-18 19:08:38','1608318347016',NULL),(201,'d686f5da-fe73-11ea-9233-14886e8c76ac','2020-12-21 13:44:33','1608558101164',NULL),(202,'97c6fd76-ed90-11e9-871a-874ce8a992e2','2021-08-23 11:36:06','1629718288508',NULL),(204,'97c6fd76-ed90-11e9-871a-874ce8a992e2','2021-09-08 12:13:00','1631102773370',NULL),(205,'97c6fd76-ed90-11e9-871a-874ce8a992e2','2021-09-08 13:15:30','1631106643551',NULL),(206,'65f63602-6ddf-11e5-8441-71caa0c5f788','2022-12-13 09:22:08','1670922092658',NULL),(207,'65f63602-6ddf-11e5-8441-71caa0c5f788','2022-12-13 10:38:04','1670923712065',NULL);
/*!40000 ALTER TABLE `Purchase` ENABLE KEYS */;
UNLOCK TABLES;

--
-- Table structure for table `Screen`
--

DROP TABLE IF EXISTS `Screen`;
/*!40101 SET @saved_cs_client     = @@character_set_client */;
/*!50503 SET character_set_client = utf8mb4 */;
CREATE TABLE `Screen` (
  `screenId` varchar(255) NOT NULL,
  `seats` int NOT NULL COMMENT 'It can hold the calculated nr of seats for a screen.',
  `movie_movieId` int DEFAULT NULL,
  `screeningdates_screeningDatesId` int DEFAULT NULL,
  PRIMARY KEY (`screenId`),
  KEY `screeningDatesId_FK_idx` (`screeningdates_screeningDatesId`),
  KEY `movieId_FK_idx` (`movie_movieId`),
  CONSTRAINT `movieId_FK` FOREIGN KEY (`movie_movieId`) REFERENCES `Movie` (`movieId`) ON DELETE CASCADE ON UPDATE CASCADE,
  CONSTRAINT `screeningDatesId_FK` FOREIGN KEY (`screeningdates_screeningDatesId`) REFERENCES `ScreeningDates` (`screeningDatesId`) ON DELETE CASCADE ON UPDATE CASCADE
) ENGINE=InnoDB DEFAULT CHARSET=latin1;
/*!40101 SET character_set_client = @saved_cs_client */;

--
-- Dumping data for table `Screen`
--

LOCK TABLES `Screen` WRITE;
/*!40000 ALTER TABLE `Screen` DISABLE KEYS */;
INSERT INTO `Screen` VALUES ('0',0,NULL,NULL),('T10',30,1106,26),('T11',30,1082,27),('T12',30,1039,31),('T13',30,1074,68),('T14',30,1074,74),('T15',30,1025,76),('T16',30,1099,78),('T17',30,1074,79),('T18',30,1027,80),('T19',30,1027,83),('T2',10,1002,2),('T20',30,1027,84),('T21',30,1099,85),('T23',30,1048,88),('T24',30,1027,89),('T27',30,1075,111),('T28',30,1075,112),('T29',30,1083,113),('T3',30,1057,9),('T30',30,1083,116),('T31',30,1083,117),('T32',30,1083,118),('T33',30,1048,144),('T34',30,1048,145),('T35',30,1075,146),('T39',30,1033,148),('T4',30,1019,10),('T40',30,1058,149),('T41',30,1058,150),('T42',30,1102,151),('T45',30,1077,154),('T46',30,1077,155),('T47',30,1102,157),('T48',30,1065,161),('T49',30,1070,183),('T5',30,1060,11),('T50',30,1013,184),('T51',30,1070,185),('T52',30,1082,213),('T53',30,1082,214),('T54',30,1042,215),('T57',30,1038,218),('T58',30,1065,257),('T59',30,1065,261),('T6',30,1062,21),('T60',30,1103,262),('T61',30,1103,263),('T62',30,1103,264),('T63',30,1103,266),('T64',30,1103,268),('T65',30,1107,269),('T7',30,1026,22),('T8',30,1067,24),('T9',30,1067,25);
/*!40000 ALTER TABLE `Screen` ENABLE KEYS */;
UNLOCK TABLES;

--
-- Table structure for table `ScreeningDates`
--

DROP TABLE IF EXISTS `ScreeningDates`;
/*!40101 SET @saved_cs_client     = @@character_set_client */;
/*!50503 SET character_set_client = utf8mb4 */;
CREATE TABLE `ScreeningDates` (
  `screeningDatesId` int NOT NULL AUTO_INCREMENT,
  `screeningDate` datetime DEFAULT NULL,
  `venues_venuesId` int DEFAULT NULL,
  `movieId` int DEFAULT NULL,
  PRIMARY KEY (`screeningDatesId`),
  UNIQUE KEY `screeningDatesId_UNIQUE` (`screeningDatesId`),
  UNIQUE KEY `venues_venuesId_UNIQUE` (`venues_venuesId`),
  KEY `screeningDatesId_INDEX` (`screeningDatesId`),
  KEY `screeningDate_INDEX` (`screeningDate`),
  KEY `venues_venuesId_INDEX` (`venues_venuesId`),
  CONSTRAINT `venues_FK` FOREIGN KEY (`venues_venuesId`) REFERENCES `Venues` (`venuesId`) ON DELETE CASCADE ON UPDATE CASCADE
) ENGINE=InnoDB AUTO_INCREMENT=270 DEFAULT CHARSET=latin1;
/*!40101 SET character_set_client = @saved_cs_client */;

--
-- Dumping data for table `ScreeningDates`
--

LOCK TABLES `ScreeningDates` WRITE;
/*!40000 ALTER TABLE `ScreeningDates` DISABLE KEYS */;
INSERT INTO `ScreeningDates` VALUES (2,'2021-06-23 14:24:00',2,1002),(9,'2021-01-29 20:33:25',10,1057),(10,'2021-09-16 23:00:00',11,1019),(11,'2021-02-02 20:33:25',12,1060),(21,'2021-02-04 20:33:25',21,1062),(22,'2021-02-06 20:33:25',22,1026),(24,'2021-02-08 20:33:25',24,1067),(25,'2021-02-10 20:33:25',25,1067),(26,'2021-02-12 20:33:25',26,1106),(27,'2021-02-14 20:33:25',27,1082),(31,'2021-02-16 20:33:25',32,1039),(68,'2021-02-18 20:33:25',72,1074),(74,'2021-02-20 20:33:25',78,1074),(76,'2021-02-22 20:33:25',80,1025),(78,'2021-02-24 20:33:25',82,1099),(79,'2021-02-26 20:33:25',84,1074),(80,'2021-02-28 20:33:25',85,1027),(83,'2021-03-02 20:33:25',88,1027),(84,'2021-03-04 20:33:25',89,1027),(85,'2021-03-06 20:33:25',90,1099),(88,'2021-03-10 20:33:25',93,1048),(89,'2021-03-12 20:33:25',94,1027),(111,'2021-03-18 20:33:25',116,1075),(112,'2021-03-20 20:33:25',117,1075),(113,'2021-03-22 20:33:25',118,1083),(116,'2021-03-24 20:33:25',121,1083),(117,'2021-03-26 20:33:25',122,1083),(118,'2021-03-28 20:33:25',123,1083),(144,'2021-04-01 20:33:25',149,1048),(145,'2021-04-03 20:33:25',150,1048),(146,'2021-04-05 20:33:25',151,1075),(148,'2021-02-24 19:45:00',153,1033),(149,'2021-02-24 19:45:00',154,1058),(150,'2021-02-24 19:45:00',155,1058),(151,'2021-02-24 18:00:00',156,1102),(154,'2021-02-06 20:00:00',159,1077),(155,'2021-02-06 20:00:00',160,1077),(157,'2021-02-06 21:30:00',162,1102),(161,'2021-02-10 22:00:00',167,1065),(183,'2021-06-30 20:25:00',204,1070),(184,'2021-06-30 20:32:00',205,1013),(185,'2021-06-30 20:25:00',206,1070),(213,'2021-08-07 19:20:00',237,1082),(214,'2021-08-07 17:30:00',238,1082),(215,'2021-09-12 21:00:00',239,1042),(218,'2021-07-04 22:55:00',242,1038),(257,'2021-09-20 12:00:00',282,1065),(261,'2021-09-30 12:00:00',286,1065),(262,'2021-02-10 22:00:00',287,1103),(263,'2021-09-20 10:30:00',288,1103),(264,'2021-10-06 09:42:00',289,1103),(266,'2021-02-10 22:00:00',291,1103),(268,'2021-10-06 09:42:00',293,1103),(269,'2021-09-08 15:14:41',294,1107);
/*!40000 ALTER TABLE `ScreeningDates` ENABLE KEYS */;
UNLOCK TABLES;

--
-- Table structure for table `Seats`
--

DROP TABLE IF EXISTS `Seats`;
/*!40101 SET @saved_cs_client     = @@character_set_client */;
/*!50503 SET character_set_client = utf8mb4 */;
CREATE TABLE `Seats` (
  `seatId` int NOT NULL AUTO_INCREMENT,
  `seatNumber` varchar(45) DEFAULT NULL,
  `seatRow` varchar(45) DEFAULT NULL,
  `isReserved` varchar(1) DEFAULT NULL,
  `screen_screenId` varchar(255) DEFAULT NULL,
  `price` varchar(45) NOT NULL,
  `tax` varchar(45) NOT NULL,
  PRIMARY KEY (`seatId`),
  UNIQUE KEY `seatId_UNIQUE` (`seatId`),
  KEY `seatNumber_INDEX` (`seatNumber`),
  KEY `screen_screenId_INDEX` (`screen_screenId`),
  CONSTRAINT `screenId_In_Seats_FK` FOREIGN KEY (`screen_screenId`) REFERENCES `Screen` (`screenId`) ON DELETE CASCADE ON UPDATE CASCADE
) ENGINE=InnoDB AUTO_INCREMENT=10978 DEFAULT CHARSET=latin1;
/*!40101 SET character_set_client = @saved_cs_client */;

--
-- Dumping data for table `Seats`
--

LOCK TABLES `Seats` WRITE;
/*!40000 ALTER TABLE `Seats` DISABLE KEYS */;
INSERT INTO `Seats` VALUES (4,'A1','1','1','T2','3','1.25'),(5,'A2','1','1','T2','3','1.25'),(6,'A3','1','1','T2','3','1.25'),(7,'A4','1','1','T2','3','1.25'),(8,'A5','1','0','T2','3','1.25'),(9,'B1','2','1','T2','3','1.25'),(10,'B2','2','1','T2','3','1.25'),(11,'B3','2','0','T2','3','1.25'),(12,'B4','2','0','T2','3','1.25'),(13,'B5','2','0','T2','3','1.25'),(24,'C1','3','0','T2','3','1.33'),(25,'C2','3','0','T2','3','1.33'),(26,'C3','3','0','T2','3','1.33'),(27,'C4','3','0','T2','3','1.33'),(28,'C5','3','0','T2','3','1.33'),(29,'D1','4','0','T2','3','1.33'),(30,'D2','4','0','T2','3','1.33'),(31,'D3','4','0','T2','3','1.33'),(32,'D4','4','0','T2','3','1.33'),(33,'D5','4','0','T2','3','1.33'),(34,'A1','1','0','T4','3','1.33'),(35,'A2','1','0','T4','3','1.33'),(36,'A3','1','0','T4','3','1.33'),(37,'A4','1','0','T4','3','1.33'),(38,'A5','1','0','T4','3','1.33'),(39,'B1','2','0','T4','3','1.33'),(40,'B2','2','0','T4','3','1.33'),(41,'B3','2','0','T4','3','1.33'),(42,'B4','2','0','T4','3','1.33'),(43,'B5','2','0','T4','3','1.33'),(44,'A1','1','0','T5','3','1.33'),(45,'A2','1','0','T5','3','1.33'),(46,'A3','1','0','T5','3','1.33'),(47,'A4','1','0','T5','3','1.33'),(48,'A5','1','0','T5','3','1.33'),(49,'B1','2','0','T5','3','1.33'),(50,'B2','2','0','T5','3','1.33'),(51,'B3','2','0','T5','3','1.33'),(52,'B4','2','0','T5','3','1.33'),(53,'B5','2','0','T5','3','1.33'),(54,'C1','3','0','T5','3','1.33'),(55,'C2','3','0','T5','3','1.33'),(56,'C3','3','0','T5','3','1.33'),(57,'C4','3','0','T5','3','1.33'),(58,'C5','3','0','T5','3','1.33'),(59,'D1','4','0','T5','3','1.33'),(60,'D2','4','0','T5','3','1.33'),(61,'D3','4','0','T5','3','1.33'),(62,'D4','4','0','T5','3','1.33'),(63,'D5','4','0','T5','3','1.33'),(74,'A1','1','0','T3','3','1.33'),(75,'A2','1','0','T3','3','1.33'),(76,'A3','1','0','T3','3','1.33'),(77,'A4','1','0','T3','3','1.33'),(78,'A5','1','0','T3','3','1.33'),(79,'B1','2','0','T3','3','1.33'),(80,'B2','2','0','T3','3','1.33'),(81,'B3','2','0','T3','3','1.33'),(82,'B4','2','0','T3','3','1.33'),(83,'B5','2','0','T3','3','1.33'),(84,'C1','3','0','T4','3','1.33'),(85,'C2','3','0','T4','3','1.33'),(86,'C3','3','0','T4','3','1.33'),(87,'C4','3','0','T4','3','1.33'),(88,'C5','3','0','T4','3','1.33'),(89,'D1','4','0','T4','3','1.33'),(90,'D2','4','0','T4','3','1.33'),(91,'D3','4','0','T4','3','1.33'),(92,'D4','4','0','T4','3','1.33'),(93,'D5','4','0','T4','3','1.33'),(94,'A1','1','0','T6','3','1.33'),(95,'A2','1','0','T6','3','1.33'),(96,'A3','1','0','T6','3','1.33'),(97,'A4','1','0','T6','3','1.33'),(98,'A5','1','0','T6','3','1.33'),(99,'B1','2','0','T6','3','1.33'),(100,'B2','2','0','T6','3','1.33'),(101,'B3','2','0','T6','3','1.33'),(102,'B4','2','0','T6','3','1.33'),(103,'B5','2','0','T6','3','1.33'),(104,'A1','1','0','T7','3','1.33'),(105,'A2','1','0','T7','3','1.33'),(106,'A3','1','0','T7','3','1.33'),(107,'A4','1','0','T7','3','1.33'),(108,'A5','1','0','T7','3','1.33'),(109,'B1','2','0','T7','3','1.33'),(110,'B2','2','0','T7','3','1.33'),(111,'B3','2','0','T7','3','1.33'),(112,'B4','2','0','T7','3','1.33'),(113,'B5','2','0','T7','3','1.33'),(114,'C1','1','0','T7','3','1.33'),(115,'C2','1','0','T7','3','1.33'),(116,'C3','1','0','T7','3','1.33'),(117,'C4','1','0','T7','3','1.33'),(118,'C5','1','0','T7','3','1.33'),(129,'A1','1','0','T8','3','1.33'),(130,'A2','1','0','T8','3','1.33'),(131,'A3','1','0','T8','3','1.33'),(132,'A4','1','0','T8','3','1.33'),(133,'A5','1','0','T8','3','1.33'),(134,'B1','2','0','T8','3','1.33'),(135,'B2','2','0','T8','3','1.33'),(136,'B3','2','0','T8','3','1.33'),(137,'B4','2','0','T8','3','1.33'),(138,'B5','2','0','T8','3','1.33'),(139,'A1','1','0','T9','3','1.33'),(140,'A2','1','0','T9','3','1.33'),(141,'A3','1','0','T9','3','1.33'),(142,'A4','1','0','T9','3','1.33'),(143,'A5','1','0','T9','3','1.33'),(144,'B1','2','0','T9','3','1.33'),(145,'B2','2','0','T9','3','1.33'),(146,'B3','2','0','T9','3','1.33'),(147,'B4','2','0','T9','3','1.33'),(148,'B5','2','0','T9','3','1.33'),(149,'A1','1','1','T10','3','1.33'),(150,'A2','1','1','T10','3','1.33'),(151,'A3','1','1','T10','3','1.33'),(152,'A4','1','1','T10','3','1.33'),(153,'A5','1','0','T10','3','1.33'),(154,'B1','2','0','T10','3','1.33'),(155,'B2','2','0','T10','3','1.33'),(156,'B3','2','0','T10','3','1.33'),(157,'B4','2','0','T10','3','1.33'),(158,'B5','2','0','T10','3','1.33'),(159,'A1','1','0','T11','3','1.33'),(160,'A2','1','0','T11','3','1.33'),(161,'A3','1','0','T11','3','1.33'),(162,'A4','1','0','T11','3','1.33'),(163,'A5','1','0','T11','3','1.33'),(164,'B1','2','1','T11','3','1.33'),(165,'B2','2','1','T11','3','1.33'),(166,'B3','2','0','T11','3','1.33'),(167,'B4','2','0','T11','3','1.33'),(168,'B5','2','0','T11','3','1.33'),(217,'B1','1','1','T12','3','1.33'),(218,'B2','1','1','T12','3','1.33'),(219,'B3','1','1','T12','3','1.33'),(220,'B4','1','1','T12','3','1.33'),(221,'B5','1','0','T12','3','1.33'),(222,'B6','1','0','T12','3','1.33'),(223,'B7','1','0','T12','3','1.33'),(224,'B8','1','0','T12','3','1.33'),(225,'B9','1','0','T12','3','1.33'),(226,'B10','1','0','T12','3','1.33'),(227,'C1','2','1','T12','3','1.33'),(228,'C2','2','1','T12','3','1.33'),(229,'C3','2','1','T12','3','1.33'),(230,'C4','2','1','T12','3','1.33'),(231,'C5','2','0','T12','3','1.33'),(232,'C6','2','0','T12','3','1.33'),(233,'C7','2','0','T12','3','1.33'),(234,'C8','2','0','T12','3','1.33'),(235,'C9','2','0','T12','3','1.33'),(236,'C10','2','0','T12','3','1.33'),(237,'D1','3','1','T12','3','1.33'),(238,'D2','3','1','T12','3','1.33'),(239,'D3','3','0','T12','3','1.33'),(240,'D4','3','0','T12','3','1.33'),(241,'D5','3','0','T12','3','1.33'),(242,'D6','3','0','T12','3','1.33'),(243,'D7','3','0','T12','3','1.33'),(244,'D8','3','0','T12','3','1.33'),(245,'D9','3','1','T12','3','1.33'),(246,'D10','3','1','T12','3','1.33'),(1287,'A1','0','0','T13','3','1.33'),(1288,'A2','0','0','T13','3','1.33'),(1289,'A3','0','0','T13','3','1.33'),(1290,'A4','0','0','T13','3','1.33'),(1291,'A5','0','0','T13','3','1.33'),(1292,'A6','0','0','T13','3','1.33'),(1293,'A7','0','0','T13','3','1.33'),(1294,'A8','0','0','T13','3','1.33'),(1295,'A9','0','0','T13','3','1.33'),(1296,'A10','0','0','T13','3','1.33'),(1297,'B1','1','0','T13','3','1.33'),(1298,'B2','1','0','T13','3','1.33'),(1299,'B3','1','0','T13','3','1.33'),(1300,'B4','1','0','T13','3','1.33'),(1301,'B5','1','0','T13','3','1.33'),(1302,'B6','1','0','T13','3','1.33'),(1303,'B7','1','0','T13','3','1.33'),(1304,'B8','1','0','T13','3','1.33'),(1305,'B9','1','0','T13','3','1.33'),(1306,'B10','1','0','T13','3','1.33'),(1307,'C1','2','0','T13','3','1.33'),(1308,'C2','2','0','T13','3','1.33'),(1309,'C3','2','0','T13','3','1.33'),(1310,'C4','2','0','T13','3','1.33'),(1311,'C5','2','0','T13','3','1.33'),(1312,'C6','2','0','T13','3','1.33'),(1313,'C7','2','0','T13','3','1.33'),(1314,'C8','2','0','T13','3','1.33'),(1315,'C9','2','0','T13','3','1.33'),(1316,'C10','2','0','T13','3','1.33'),(1317,'D1','3','0','T13','3','1.33'),(1318,'D2','3','0','T13','3','1.33'),(1319,'D3','3','0','T13','3','1.33'),(1320,'D4','3','0','T13','3','1.33'),(1321,'D5','3','0','T13','3','1.33'),(1322,'D6','3','0','T13','3','1.33'),(1323,'D7','3','0','T13','3','1.33'),(1324,'D8','3','0','T13','3','1.33'),(1325,'D9','3','0','T13','3','1.33'),(1326,'D10','3','0','T13','3','1.33'),(1327,'E1','4','0','T13','3','1.33'),(1328,'E2','4','0','T13','3','1.33'),(1329,'E3','4','0','T13','3','1.33'),(1330,'E4','4','0','T13','3','1.33'),(1331,'E5','4','0','T13','3','1.33'),(1332,'E6','4','0','T13','3','1.33'),(1333,'E7','4','0','T13','3','1.33'),(1334,'E8','4','0','T13','3','1.33'),(1335,'E9','4','0','T13','3','1.33'),(1336,'E10','4','0','T13','3','1.33'),(1337,'F1','5','0','T13','3','1.33'),(1338,'F2','5','0','T13','3','1.33'),(1339,'F3','5','0','T13','3','1.33'),(1340,'F4','5','0','T13','3','1.33'),(1341,'F5','5','0','T13','3','1.33'),(1342,'F6','5','0','T13','3','1.33'),(1343,'F7','5','0','T13','3','1.33'),(1344,'F8','5','0','T13','3','1.33'),(1345,'F9','5','0','T13','3','1.33'),(1346,'F10','5','0','T13','3','1.33'),(1587,'A1','0','0','T14','3','1.33'),(1588,'A2','0','0','T14','3','1.33'),(1589,'A3','0','0','T14','3','1.33'),(1590,'A4','0','0','T14','3','1.33'),(1591,'A5','0','0','T14','3','1.33'),(1592,'A6','0','0','T14','3','1.33'),(1593,'A7','0','0','T14','3','1.33'),(1594,'A8','0','0','T14','3','1.33'),(1595,'A9','0','0','T14','3','1.33'),(1596,'A10','0','0','T14','3','1.33'),(1597,'B1','1','0','T14','3','1.33'),(1598,'B2','1','0','T14','3','1.33'),(1599,'B3','1','0','T14','3','1.33'),(1600,'B4','1','0','T14','3','1.33'),(1601,'B5','1','0','T14','3','1.33'),(1602,'B6','1','0','T14','3','1.33'),(1603,'B7','1','0','T14','3','1.33'),(1604,'B8','1','0','T14','3','1.33'),(1605,'B9','1','0','T14','3','1.33'),(1606,'B10','1','0','T14','3','1.33'),(1607,'C1','2','0','T14','3','1.33'),(1608,'C2','2','0','T14','3','1.33'),(1609,'C3','2','0','T14','3','1.33'),(1610,'C4','2','0','T14','3','1.33'),(1611,'C5','2','0','T14','3','1.33'),(1612,'C6','2','0','T14','3','1.33'),(1613,'C7','2','0','T14','3','1.33'),(1614,'C8','2','0','T14','3','1.33'),(1615,'C9','2','0','T14','3','1.33'),(1616,'C10','2','0','T14','3','1.33'),(1617,'D1','3','0','T14','3','1.33'),(1618,'D2','3','0','T14','3','1.33'),(1619,'D3','3','0','T14','3','1.33'),(1620,'D4','3','0','T14','3','1.33'),(1621,'D5','3','0','T14','3','1.33'),(1622,'D6','3','0','T14','3','1.33'),(1623,'D7','3','0','T14','3','1.33'),(1624,'D8','3','0','T14','3','1.33'),(1625,'D9','3','0','T14','3','1.33'),(1626,'D10','3','0','T14','3','1.33'),(1627,'E1','4','0','T14','3','1.33'),(1628,'E2','4','0','T14','3','1.33'),(1629,'E3','4','0','T14','3','1.33'),(1630,'E4','4','0','T14','3','1.33'),(1631,'E5','4','0','T14','3','1.33'),(1632,'E6','4','0','T14','3','1.33'),(1633,'E7','4','0','T14','3','1.33'),(1634,'E8','4','0','T14','3','1.33'),(1635,'E9','4','0','T14','3','1.33'),(1636,'E10','4','0','T14','3','1.33'),(1637,'F1','5','0','T14','3','1.33'),(1638,'F2','5','0','T14','3','1.33'),(1639,'F3','5','0','T14','3','1.33'),(1640,'F4','5','0','T14','3','1.33'),(1641,'F5','5','0','T14','3','1.33'),(1642,'F6','5','0','T14','3','1.33'),(1643,'F7','5','0','T14','3','1.33'),(1644,'F8','5','0','T14','3','1.33'),(1645,'F9','5','0','T14','3','1.33'),(1646,'F10','5','0','T14','3','1.33'),(1707,'A1','0','0','T15','3','1.33'),(1708,'A2','0','0','T15','3','1.33'),(1709,'A3','0','0','T15','3','1.33'),(1710,'A4','0','0','T15','3','1.33'),(1711,'A5','0','0','T15','3','1.33'),(1712,'A6','0','0','T15','3','1.33'),(1713,'A7','0','0','T15','3','1.33'),(1714,'A8','0','0','T15','3','1.33'),(1715,'A9','0','0','T15','3','1.33'),(1716,'A10','0','0','T15','3','1.33'),(1717,'B1','1','1','T15','3','1.33'),(1718,'B2','1','1','T15','3','1.33'),(1719,'B3','1','0','T15','3','1.33'),(1720,'B4','1','0','T15','3','1.33'),(1721,'B5','1','0','T15','3','1.33'),(1722,'B6','1','0','T15','3','1.33'),(1723,'B7','1','0','T15','3','1.33'),(1724,'B8','1','0','T15','3','1.33'),(1725,'B9','1','0','T15','3','1.33'),(1726,'B10','1','0','T15','3','1.33'),(1727,'C1','2','0','T15','3','1.33'),(1728,'C2','2','0','T15','3','1.33'),(1729,'C3','2','0','T15','3','1.33'),(1730,'C4','2','0','T15','3','1.33'),(1731,'C5','2','0','T15','3','1.33'),(1732,'C6','2','0','T15','3','1.33'),(1733,'C7','2','0','T15','3','1.33'),(1734,'C8','2','0','T15','3','1.33'),(1735,'C9','2','0','T15','3','1.33'),(1736,'C10','2','0','T15','3','1.33'),(1737,'D1','3','0','T15','3','1.33'),(1738,'D2','3','0','T15','3','1.33'),(1739,'D3','3','0','T15','3','1.33'),(1740,'D4','3','0','T15','3','1.33'),(1741,'D5','3','0','T15','3','1.33'),(1742,'D6','3','0','T15','3','1.33'),(1743,'D7','3','0','T15','3','1.33'),(1744,'D8','3','0','T15','3','1.33'),(1745,'D9','3','0','T15','3','1.33'),(1746,'D10','3','0','T15','3','1.33'),(1747,'E1','4','0','T15','3','1.33'),(1748,'E2','4','0','T15','3','1.33'),(1749,'E3','4','0','T15','3','1.33'),(1750,'E4','4','0','T15','3','1.33'),(1751,'E5','4','0','T15','3','1.33'),(1752,'E6','4','0','T15','3','1.33'),(1753,'E7','4','0','T15','3','1.33'),(1754,'E8','4','0','T15','3','1.33'),(1755,'E9','4','0','T15','3','1.33'),(1756,'E10','4','0','T15','3','1.33'),(1757,'F1','5','0','T15','3','1.33'),(1758,'F2','5','0','T15','3','1.33'),(1759,'F3','5','0','T15','3','1.33'),(1760,'F4','5','0','T15','3','1.33'),(1761,'F5','5','0','T15','3','1.33'),(1762,'F6','5','0','T15','3','1.33'),(1763,'F7','5','0','T15','3','1.33'),(1764,'F8','5','0','T15','3','1.33'),(1765,'F9','5','0','T15','3','1.33'),(1766,'F10','5','0','T15','3','1.33'),(1817,'A1','0','0','T16','3','1.33'),(1818,'A2','0','0','T16','3','1.33'),(1819,'A3','0','0','T16','3','1.33'),(1820,'A4','0','0','T16','3','1.33'),(1821,'A5','0','0','T16','3','1.33'),(1822,'A6','0','0','T16','3','1.33'),(1823,'A7','0','0','T16','3','1.33'),(1824,'A8','0','0','T16','3','1.33'),(1825,'A9','0','0','T16','3','1.33'),(1826,'A10','0','0','T16','3','1.33'),(1827,'B1','1','0','T16','3','1.33'),(1828,'B2','1','0','T16','3','1.33'),(1829,'B3','1','0','T16','3','1.33'),(1830,'B4','1','0','T16','3','1.33'),(1831,'B5','1','0','T16','3','1.33'),(1832,'B6','1','0','T16','3','1.33'),(1833,'B7','1','0','T16','3','1.33'),(1834,'B8','1','0','T16','3','1.33'),(1835,'B9','1','0','T16','3','1.33'),(1836,'B10','1','0','T16','3','1.33'),(1837,'C1','2','0','T16','3','1.33'),(1838,'C2','2','0','T16','3','1.33'),(1839,'C3','2','0','T16','3','1.33'),(1840,'C4','2','0','T16','3','1.33'),(1841,'C5','2','0','T16','3','1.33'),(1842,'C6','2','0','T16','3','1.33'),(1843,'C7','2','0','T16','3','1.33'),(1844,'C8','2','0','T16','3','1.33'),(1845,'C9','2','0','T16','3','1.33'),(1846,'C10','2','0','T16','3','1.33'),(1847,'D1','3','0','T16','3','1.33'),(1848,'D2','3','0','T16','3','1.33'),(1849,'D3','3','0','T16','3','1.33'),(1850,'D4','3','0','T16','3','1.33'),(1851,'D5','3','0','T16','3','1.33'),(1852,'D6','3','0','T16','3','1.33'),(1853,'D7','3','0','T16','3','1.33'),(1854,'D8','3','0','T16','3','1.33'),(1855,'D9','3','0','T16','3','1.33'),(1856,'D10','3','0','T16','3','1.33'),(1857,'E1','4','0','T16','3','1.33'),(1858,'E2','4','0','T16','3','1.33'),(1859,'E3','4','0','T16','3','1.33'),(1860,'E4','4','0','T16','3','1.33'),(1861,'E5','4','0','T16','3','1.33'),(1862,'E6','4','0','T16','3','1.33'),(1863,'E7','4','0','T16','3','1.33'),(1864,'E8','4','0','T16','3','1.33'),(1865,'E9','4','0','T16','3','1.33'),(1866,'E10','4','0','T16','3','1.33'),(1867,'F1','5','0','T16','3','1.33'),(1868,'F2','5','0','T16','3','1.33'),(1869,'F3','5','0','T16','3','1.33'),(1870,'F4','5','0','T16','3','1.33'),(1871,'F5','5','0','T16','3','1.33'),(1872,'F6','5','0','T16','3','1.33'),(1873,'F7','5','0','T16','3','1.33'),(1874,'F8','5','0','T16','3','1.33'),(1875,'F9','5','0','T16','3','1.33'),(1876,'F10','5','0','T16','3','1.33'),(1877,'A1','0','0','T17','3','1.33'),(1878,'A2','0','0','T17','3','1.33'),(1879,'A3','0','0','T17','3','1.33'),(1880,'A4','0','0','T17','3','1.33'),(1881,'A5','0','0','T17','3','1.33'),(1882,'A6','0','0','T17','3','1.33'),(1883,'A7','0','0','T17','3','1.33'),(1884,'A8','0','0','T17','3','1.33'),(1885,'A9','0','0','T17','3','1.33'),(1886,'A10','0','0','T17','3','1.33'),(1887,'B1','1','0','T17','3','1.33'),(1888,'B2','1','0','T17','3','1.33'),(1889,'B3','1','0','T17','3','1.33'),(1890,'B4','1','0','T17','3','1.33'),(1891,'B5','1','0','T17','3','1.33'),(1892,'B6','1','0','T17','3','1.33'),(1893,'B7','1','0','T17','3','1.33'),(1894,'B8','1','0','T17','3','1.33'),(1895,'B9','1','0','T17','3','1.33'),(1896,'B10','1','0','T17','3','1.33'),(1897,'C1','2','0','T17','3','1.33'),(1898,'C2','2','0','T17','3','1.33'),(1899,'C3','2','0','T17','3','1.33'),(1900,'C4','2','0','T17','3','1.33'),(1901,'C5','2','0','T17','3','1.33'),(1902,'C6','2','0','T17','3','1.33'),(1903,'C7','2','0','T17','3','1.33'),(1904,'C8','2','0','T17','3','1.33'),(1905,'C9','2','0','T17','3','1.33'),(1906,'C10','2','0','T17','3','1.33'),(1907,'D1','3','0','T17','3','1.33'),(1908,'D2','3','0','T17','3','1.33'),(1909,'D3','3','0','T17','3','1.33'),(1910,'D4','3','0','T17','3','1.33'),(1911,'D5','3','0','T17','3','1.33'),(1912,'D6','3','0','T17','3','1.33'),(1913,'D7','3','0','T17','3','1.33'),(1914,'D8','3','0','T17','3','1.33'),(1915,'D9','3','0','T17','3','1.33'),(1916,'D10','3','0','T17','3','1.33'),(1917,'E1','4','0','T17','3','1.33'),(1918,'E2','4','0','T17','3','1.33'),(1919,'E3','4','0','T17','3','1.33'),(1920,'E4','4','0','T17','3','1.33'),(1921,'E5','4','0','T17','3','1.33'),(1922,'E6','4','0','T17','3','1.33'),(1923,'E7','4','0','T17','3','1.33'),(1924,'E8','4','0','T17','3','1.33'),(1925,'E9','4','0','T17','3','1.33'),(1926,'E10','4','0','T17','3','1.33'),(1927,'F1','5','0','T17','3','1.33'),(1928,'F2','5','0','T17','3','1.33'),(1929,'F3','5','0','T17','3','1.33'),(1930,'F4','5','0','T17','3','1.33'),(1931,'F5','5','0','T17','3','1.33'),(1932,'F6','5','0','T17','3','1.33'),(1933,'F7','5','0','T17','3','1.33'),(1934,'F8','5','0','T17','3','1.33'),(1935,'F9','5','0','T17','3','1.33'),(1936,'F10','5','0','T17','3','1.33'),(1937,'A1','0','0','T18','3','1.33'),(1938,'A2','0','0','T18','3','1.33'),(1939,'A3','0','0','T18','3','1.33'),(1940,'A4','0','0','T18','3','1.33'),(1941,'A5','0','0','T18','3','1.33'),(1942,'A6','0','0','T18','3','1.33'),(1943,'A7','0','0','T18','3','1.33'),(1944,'A8','0','0','T18','3','1.33'),(1945,'A9','0','0','T18','3','1.33'),(1946,'A10','0','0','T18','3','1.33'),(1947,'B1','1','0','T18','3','1.33'),(1948,'B2','1','0','T18','3','1.33'),(1949,'B3','1','0','T18','3','1.33'),(1950,'B4','1','0','T18','3','1.33'),(1951,'B5','1','0','T18','3','1.33'),(1952,'B6','1','0','T18','3','1.33'),(1953,'B7','1','0','T18','3','1.33'),(1954,'B8','1','0','T18','3','1.33'),(1955,'B9','1','0','T18','3','1.33'),(1956,'B10','1','0','T18','3','1.33'),(1957,'C1','2','0','T18','3','1.33'),(1958,'C2','2','0','T18','3','1.33'),(1959,'C3','2','0','T18','3','1.33'),(1960,'C4','2','0','T18','3','1.33'),(1961,'C5','2','0','T18','3','1.33'),(1962,'C6','2','0','T18','3','1.33'),(1963,'C7','2','0','T18','3','1.33'),(1964,'C8','2','0','T18','3','1.33'),(1965,'C9','2','0','T18','3','1.33'),(1966,'C10','2','0','T18','3','1.33'),(1967,'D1','3','0','T18','3','1.33'),(1968,'D2','3','0','T18','3','1.33'),(1969,'D3','3','0','T18','3','1.33'),(1970,'D4','3','0','T18','3','1.33'),(1971,'D5','3','0','T18','3','1.33'),(1972,'D6','3','0','T18','3','1.33'),(1973,'D7','3','0','T18','3','1.33'),(1974,'D8','3','0','T18','3','1.33'),(1975,'D9','3','0','T18','3','1.33'),(1976,'D10','3','0','T18','3','1.33'),(2037,'A1','1','0','T19','3','1.33'),(2038,'A2','1','0','T19','3','1.33'),(2039,'A3','1','0','T19','3','1.33'),(2040,'A4','1','0','T19','3','1.33'),(2041,'A5','1','0','T19','3','1.33'),(2042,'A6','1','0','T19','3','1.33'),(2043,'A7','1','0','T19','3','1.33'),(2044,'A8','1','0','T19','3','1.33'),(2045,'A9','1','0','T19','3','1.33'),(2046,'A10','1','0','T19','3','1.33'),(2047,'B1','2','0','T19','3','1.33'),(2048,'B2','2','0','T19','3','1.33'),(2049,'B3','2','0','T19','3','1.33'),(2050,'B4','2','0','T19','3','1.33'),(2051,'B5','2','0','T19','3','1.33'),(2052,'B6','2','0','T19','3','1.33'),(2053,'B7','2','0','T19','3','1.33'),(2054,'B8','2','0','T19','3','1.33'),(2055,'B9','2','0','T19','3','1.33'),(2056,'B10','2','0','T19','3','1.33'),(2057,'C1','3','0','T19','3','1.33'),(2058,'C2','3','0','T19','3','1.33'),(2059,'C3','3','0','T19','3','1.33'),(2060,'C4','3','0','T19','3','1.33'),(2061,'C5','3','0','T19','3','1.33'),(2062,'C6','3','0','T19','3','1.33'),(2063,'C7','3','0','T19','3','1.33'),(2064,'C8','3','0','T19','3','1.33'),(2065,'C9','3','0','T19','3','1.33'),(2066,'C10','3','0','T19','3','1.33'),(2067,'D1','4','0','T19','3','1.33'),(2068,'D2','4','0','T19','3','1.33'),(2069,'D3','4','0','T19','3','1.33'),(2070,'D4','4','0','T19','3','1.33'),(2071,'D5','4','0','T19','3','1.33'),(2072,'D6','4','0','T19','3','1.33'),(2073,'D7','4','0','T19','3','1.33'),(2074,'D8','4','0','T19','3','1.33'),(2075,'D9','4','0','T19','3','1.33'),(2076,'D10','4','0','T19','3','1.33'),(2077,'E1','5','0','T19','3','1.33'),(2078,'E2','5','0','T19','3','1.33'),(2079,'E3','5','0','T19','3','1.33'),(2080,'E4','5','0','T19','3','1.33'),(2081,'E5','5','0','T19','3','1.33'),(2082,'E6','5','0','T19','3','1.33'),(2083,'E7','5','0','T19','3','1.33'),(2084,'E8','5','0','T19','3','1.33'),(2085,'E9','5','0','T19','3','1.33'),(2086,'E10','5','0','T19','3','1.33'),(2087,'F1','6','0','T19','3','1.33'),(2088,'F2','6','0','T19','3','1.33'),(2089,'F3','6','0','T19','3','1.33'),(2090,'F4','6','0','T19','3','1.33'),(2091,'F5','6','0','T19','3','1.33'),(2092,'F6','6','0','T19','3','1.33'),(2093,'F7','6','0','T19','3','1.33'),(2094,'F8','6','0','T19','3','1.33'),(2095,'F9','6','0','T19','3','1.33'),(2096,'F10','6','0','T19','3','1.33'),(2097,'A1','1','0','T20','3','1.33'),(2098,'A2','1','0','T20','3','1.33'),(2099,'A3','1','0','T20','3','1.33'),(2100,'A4','1','0','T20','3','1.33'),(2101,'A5','1','0','T20','3','1.33'),(2102,'A6','1','0','T20','3','1.33'),(2103,'A7','1','0','T20','3','1.33'),(2104,'A8','1','0','T20','3','1.33'),(2105,'A9','1','0','T20','3','1.33'),(2106,'A10','1','0','T20','3','1.33'),(2107,'B1','2','0','T20','3','1.33'),(2108,'B2','2','0','T20','3','1.33'),(2109,'B3','2','0','T20','3','1.33'),(2110,'B4','2','0','T20','3','1.33'),(2111,'B5','2','0','T20','3','1.33'),(2112,'B6','2','0','T20','3','1.33'),(2113,'B7','2','0','T20','3','1.33'),(2114,'B8','2','0','T20','3','1.33'),(2115,'B9','2','0','T20','3','1.33'),(2116,'B10','2','0','T20','3','1.33'),(2117,'C1','3','0','T20','3','1.33'),(2118,'C2','3','0','T20','3','1.33'),(2119,'C3','3','0','T20','3','1.33'),(2120,'C4','3','0','T20','3','1.33'),(2121,'C5','3','0','T20','3','1.33'),(2122,'C6','3','0','T20','3','1.33'),(2123,'C7','3','0','T20','3','1.33'),(2124,'C8','3','0','T20','3','1.33'),(2125,'C9','3','0','T20','3','1.33'),(2126,'C10','3','0','T20','3','1.33'),(2127,'D1','4','0','T20','3','1.33'),(2128,'D2','4','0','T20','3','1.33'),(2129,'D3','4','0','T20','3','1.33'),(2130,'D4','4','0','T20','3','1.33'),(2131,'D5','4','0','T20','3','1.33'),(2132,'D6','4','0','T20','3','1.33'),(2133,'D7','4','0','T20','3','1.33'),(2134,'D8','4','0','T20','3','1.33'),(2135,'D9','4','0','T20','3','1.33'),(2136,'D10','4','0','T20','3','1.33'),(2137,'E1','5','0','T20','3','1.33'),(2138,'E2','5','0','T20','3','1.33'),(2139,'E3','5','0','T20','3','1.33'),(2140,'E4','5','0','T20','3','1.33'),(2141,'E5','5','0','T20','3','1.33'),(2142,'E6','5','0','T20','3','1.33'),(2143,'E7','5','0','T20','3','1.33'),(2144,'E8','5','0','T20','3','1.33'),(2145,'E9','5','0','T20','3','1.33'),(2146,'E10','5','0','T20','3','1.33'),(2147,'F1','6','0','T20','3','1.33'),(2148,'F2','6','0','T20','3','1.33'),(2149,'F3','6','0','T20','3','1.33'),(2150,'F4','6','0','T20','3','1.33'),(2151,'F5','6','0','T20','3','1.33'),(2152,'F6','6','0','T20','3','1.33'),(2153,'F7','6','0','T20','3','1.33'),(2154,'F8','6','0','T20','3','1.33'),(2155,'F9','6','0','T20','3','1.33'),(2156,'F10','6','0','T20','3','1.33'),(2157,'A1','1','0','T21','3','1.33'),(2158,'A2','1','0','T21','3','1.33'),(2159,'A3','1','0','T21','3','1.33'),(2160,'A4','1','0','T21','3','1.33'),(2161,'A5','1','0','T21','3','1.33'),(2162,'A6','1','0','T21','3','1.33'),(2163,'A7','1','0','T21','3','1.33'),(2164,'A8','1','0','T21','3','1.33'),(2165,'A9','1','0','T21','3','1.33'),(2166,'A10','1','0','T21','3','1.33'),(2167,'B1','2','0','T21','3','1.33'),(2168,'B2','2','0','T21','3','1.33'),(2169,'B3','2','0','T21','3','1.33'),(2170,'B4','2','0','T21','3','1.33'),(2171,'B5','2','0','T21','3','1.33'),(2172,'B6','2','0','T21','3','1.33'),(2173,'B7','2','0','T21','3','1.33'),(2174,'B8','2','0','T21','3','1.33'),(2175,'B9','2','0','T21','3','1.33'),(2176,'B10','2','0','T21','3','1.33'),(2177,'C1','3','0','T21','3','1.33'),(2178,'C2','3','0','T21','3','1.33'),(2179,'C3','3','0','T21','3','1.33'),(2180,'C4','3','0','T21','3','1.33'),(2181,'C5','3','0','T21','3','1.33'),(2182,'C6','3','0','T21','3','1.33'),(2183,'C7','3','0','T21','3','1.33'),(2184,'C8','3','0','T21','3','1.33'),(2185,'C9','3','0','T21','3','1.33'),(2186,'C10','3','0','T21','3','1.33'),(2187,'D1','4','0','T21','3','1.33'),(2188,'D2','4','0','T21','3','1.33'),(2189,'D3','4','0','T21','3','1.33'),(2190,'D4','4','0','T21','3','1.33'),(2191,'D5','4','0','T21','3','1.33'),(2192,'D6','4','0','T21','3','1.33'),(2193,'D7','4','0','T21','3','1.33'),(2194,'D8','4','0','T21','3','1.33'),(2195,'D9','4','0','T21','3','1.33'),(2196,'D10','4','0','T21','3','1.33'),(2197,'E1','5','0','T21','3','1.33'),(2198,'E2','5','0','T21','3','1.33'),(2199,'E3','5','0','T21','3','1.33'),(2200,'E4','5','0','T21','3','1.33'),(2201,'E5','5','0','T21','3','1.33'),(2202,'E6','5','0','T21','3','1.33'),(2203,'E7','5','0','T21','3','1.33'),(2204,'E8','5','0','T21','3','1.33'),(2205,'E9','5','0','T21','3','1.33'),(2206,'E10','5','0','T21','3','1.33'),(2207,'F1','6','0','T21','3','1.33'),(2208,'F2','6','0','T21','3','1.33'),(2209,'F3','6','0','T21','3','1.33'),(2210,'F4','6','0','T21','3','1.33'),(2211,'F5','6','0','T21','3','1.33'),(2212,'F6','6','0','T21','3','1.33'),(2213,'F7','6','0','T21','3','1.33'),(2214,'F8','6','0','T21','3','1.33'),(2215,'F9','6','0','T21','3','1.33'),(2216,'F10','6','0','T21','3','1.33'),(2277,'A1','1','0','T23','3','1.33'),(2278,'A2','1','0','T23','3','1.33'),(2279,'A3','1','0','T23','3','1.33'),(2280,'A4','1','0','T23','3','1.33'),(2281,'A5','1','0','T23','3','1.33'),(2282,'A6','1','0','T23','3','1.33'),(2283,'A7','1','0','T23','3','1.33'),(2284,'A8','1','0','T23','3','1.33'),(2285,'A9','1','0','T23','3','1.33'),(2286,'A10','1','0','T23','3','1.33'),(2287,'B1','2','0','T23','3','1.33'),(2288,'B2','2','0','T23','3','1.33'),(2289,'B3','2','0','T23','3','1.33'),(2290,'B4','2','0','T23','3','1.33'),(2291,'B5','2','0','T23','3','1.33'),(2292,'B6','2','0','T23','3','1.33'),(2293,'B7','2','0','T23','3','1.33'),(2294,'B8','2','0','T23','3','1.33'),(2295,'B9','2','0','T23','3','1.33'),(2296,'B10','2','0','T23','3','1.33'),(2297,'C1','3','0','T23','3','1.33'),(2298,'C2','3','0','T23','3','1.33'),(2299,'C3','3','0','T23','3','1.33'),(2300,'C4','3','0','T23','3','1.33'),(2301,'C5','3','0','T23','3','1.33'),(2302,'C6','3','0','T23','3','1.33'),(2303,'C7','3','0','T23','3','1.33'),(2304,'C8','3','0','T23','3','1.33'),(2305,'C9','3','0','T23','3','1.33'),(2306,'C10','3','0','T23','3','1.33'),(2307,'D1','4','0','T23','3','1.33'),(2308,'D2','4','0','T23','3','1.33'),(2309,'D3','4','0','T23','3','1.33'),(2310,'D4','4','0','T23','3','1.33'),(2311,'D5','4','0','T23','3','1.33'),(2312,'D6','4','0','T23','3','1.33'),(2313,'D7','4','0','T23','3','1.33'),(2314,'D8','4','0','T23','3','1.33'),(2315,'D9','4','0','T23','3','1.33'),(2316,'D10','4','0','T23','3','1.33'),(2317,'E1','5','0','T23','3','1.33'),(2318,'E2','5','0','T23','3','1.33'),(2319,'E3','5','0','T23','3','1.33'),(2320,'E4','5','0','T23','3','1.33'),(2321,'E5','5','0','T23','3','1.33'),(2322,'E6','5','0','T23','3','1.33'),(2323,'E7','5','0','T23','3','1.33'),(2324,'E8','5','0','T23','3','1.33'),(2325,'E9','5','0','T23','3','1.33'),(2326,'E10','5','0','T23','3','1.33'),(2327,'F1','6','0','T23','3','1.33'),(2328,'F2','6','0','T23','3','1.33'),(2329,'F3','6','0','T23','3','1.33'),(2330,'F4','6','0','T23','3','1.33'),(2331,'F5','6','0','T23','3','1.33'),(2332,'F6','6','0','T23','3','1.33'),(2333,'F7','6','0','T23','3','1.33'),(2334,'F8','6','0','T23','3','1.33'),(2335,'F9','6','0','T23','3','1.33'),(2336,'F10','6','0','T23','3','1.33'),(2337,'A1','1','0','T24','3','1.33'),(2338,'A2','1','0','T24','3','1.33'),(2339,'A3','1','0','T24','3','1.33'),(2340,'A4','1','0','T24','3','1.33'),(2341,'A5','1','0','T24','3','1.33'),(2342,'A6','1','0','T24','3','1.33'),(2343,'A7','1','0','T24','3','1.33'),(2344,'A8','1','0','T24','3','1.33'),(2345,'A9','1','0','T24','3','1.33'),(2346,'A10','1','0','T24','3','1.33'),(2347,'B1','2','0','T24','3','1.33'),(2348,'B2','2','0','T24','3','1.33'),(2349,'B3','2','0','T24','3','1.33'),(2350,'B4','2','0','T24','3','1.33'),(2351,'B5','2','0','T24','3','1.33'),(2352,'B6','2','0','T24','3','1.33'),(2353,'B7','2','0','T24','3','1.33'),(2354,'B8','2','0','T24','3','1.33'),(2355,'B9','2','0','T24','3','1.33'),(2356,'B10','2','0','T24','3','1.33'),(2357,'C1','3','0','T24','3','1.33'),(2358,'C2','3','0','T24','3','1.33'),(2359,'C3','3','0','T24','3','1.33'),(2360,'C4','3','0','T24','3','1.33'),(2361,'C5','3','0','T24','3','1.33'),(2362,'C6','3','0','T24','3','1.33'),(2363,'C7','3','0','T24','3','1.33'),(2364,'C8','3','0','T24','3','1.33'),(2365,'C9','3','0','T24','3','1.33'),(2366,'C10','3','0','T24','3','1.33'),(2367,'D1','4','0','T24','3','1.33'),(2368,'D2','4','0','T24','3','1.33'),(2369,'D3','4','0','T24','3','1.33'),(2370,'D4','4','0','T24','3','1.33'),(2371,'D5','4','0','T24','3','1.33'),(2372,'D6','4','0','T24','3','1.33'),(2373,'D7','4','0','T24','3','1.33'),(2374,'D8','4','0','T24','3','1.33'),(2375,'D9','4','0','T24','3','1.33'),(2376,'D10','4','0','T24','3','1.33'),(2377,'E1','5','0','T24','3','1.33'),(2378,'E2','5','0','T24','3','1.33'),(2379,'E3','5','0','T24','3','1.33'),(2380,'E4','5','0','T24','3','1.33'),(2381,'E5','5','0','T24','3','1.33'),(2382,'E6','5','0','T24','3','1.33'),(2383,'E7','5','0','T24','3','1.33'),(2384,'E8','5','0','T24','3','1.33'),(2385,'E9','5','0','T24','3','1.33'),(2386,'E10','5','0','T24','3','1.33'),(2387,'F1','6','0','T24','3','1.33'),(2388,'F2','6','0','T24','3','1.33'),(2389,'F3','6','0','T24','3','1.33'),(2390,'F4','6','0','T24','3','1.33'),(2391,'F5','6','0','T24','3','1.33'),(2392,'F6','6','0','T24','3','1.33'),(2393,'F7','6','0','T24','3','1.33'),(2394,'F8','6','0','T24','3','1.33'),(2395,'F9','6','0','T24','3','1.33'),(2396,'F10','6','0','T24','3','1.33'),(2667,'A1','1','1','T27','3','1.33'),(2668,'A2','1','1','T27','3','1.33'),(2669,'A3','1','0','T27','3','1.33'),(2670,'A4','1','0','T27','3','1.33'),(2671,'A5','1','0','T27','3','1.33'),(2672,'A6','1','0','T27','3','1.33'),(2673,'A7','1','0','T27','3','1.33'),(2674,'B1','2','0','T27','3','1.33'),(2675,'B2','2','0','T27','3','1.33'),(2676,'B3','2','0','T27','3','1.33'),(2677,'B4','2','0','T27','3','1.33'),(2678,'B5','2','0','T27','3','1.33'),(2679,'B6','2','0','T27','3','1.33'),(2680,'B7','2','0','T27','3','1.33'),(2681,'C1','3','0','T27','3','1.33'),(2682,'C2','3','0','T27','3','1.33'),(2683,'C3','3','0','T27','3','1.33'),(2684,'C4','3','0','T27','3','1.33'),(2685,'C5','3','0','T27','3','1.33'),(2686,'C6','3','0','T27','3','1.33'),(2687,'C7','3','0','T27','3','1.33'),(2688,'A1','1','0','T28','3','1.33'),(2689,'A2','1','0','T28','3','1.33'),(2690,'A3','1','0','T28','3','1.33'),(2691,'A4','1','0','T28','3','1.33'),(2692,'A5','1','0','T28','3','1.33'),(2693,'A6','1','0','T28','3','1.33'),(2694,'A7','1','0','T28','3','1.33'),(2695,'B1','2','0','T28','3','1.33'),(2696,'B2','2','0','T28','3','1.33'),(2697,'B3','2','0','T28','3','1.33'),(2698,'B4','2','0','T28','3','1.33'),(2699,'B5','2','0','T28','3','1.33'),(2700,'B6','2','0','T28','3','1.33'),(2701,'B7','2','0','T28','3','1.33'),(2702,'C1','3','0','T28','3','1.33'),(2703,'C2','3','0','T28','3','1.33'),(2704,'C3','3','0','T28','3','1.33'),(2705,'C4','3','0','T28','3','1.33'),(2706,'C5','3','0','T28','3','1.33'),(2707,'C6','3','0','T28','3','1.33'),(2708,'C7','3','0','T28','3','1.33'),(2709,'D1','4','0','T28','3','1.33'),(2710,'D2','4','0','T28','3','1.33'),(2711,'D3','4','0','T28','3','1.33'),(2712,'D4','4','0','T28','3','1.33'),(2713,'D5','4','0','T28','3','1.33'),(2714,'D6','4','0','T28','3','1.33'),(2715,'D7','4','0','T28','3','1.33'),(2716,'E1','5','0','T28','3','1.33'),(2717,'E2','5','0','T28','3','1.33'),(2718,'E3','5','0','T28','3','1.33'),(2719,'E4','5','0','T28','3','1.33'),(2720,'E5','5','0','T28','3','1.33'),(2721,'E6','5','0','T28','3','1.33'),(2722,'E7','5','0','T28','3','1.33'),(2723,'F1','6','0','T28','3','1.33'),(2724,'F2','6','0','T28','3','1.33'),(2725,'F3','6','0','T28','3','1.33'),(2726,'F4','6','0','T28','3','1.33'),(2727,'F5','6','0','T28','3','1.33'),(2728,'F6','6','0','T28','3','1.33'),(2729,'F7','6','0','T28','3','1.33'),(2730,'A1','1','0','T29','3','1.33'),(2731,'A2','1','0','T29','3','1.33'),(2732,'A3','1','0','T29','3','1.33'),(2733,'A4','1','0','T29','3','1.33'),(2734,'A5','1','0','T29','3','1.33'),(2735,'A6','1','0','T29','3','1.33'),(2736,'A7','1','0','T29','3','1.33'),(2737,'B1','2','0','T29','3','1.33'),(2738,'B2','2','0','T29','3','1.33'),(2739,'B3','2','0','T29','3','1.33'),(2740,'B4','2','0','T29','3','1.33'),(2741,'B5','2','0','T29','3','1.33'),(2742,'B6','2','0','T29','3','1.33'),(2743,'B7','2','0','T29','3','1.33'),(2744,'C1','3','0','T29','3','1.33'),(2745,'C2','3','0','T29','3','1.33'),(2746,'C3','3','0','T29','3','1.33'),(2747,'C4','3','0','T29','3','1.33'),(2748,'C5','3','0','T29','3','1.33'),(2749,'C6','3','0','T29','3','1.33'),(2750,'C7','3','0','T29','3','1.33'),(2751,'D1','4','0','T29','3','1.33'),(2752,'D2','4','0','T29','3','1.33'),(2753,'D3','4','0','T29','3','1.33'),(2754,'D4','4','0','T29','3','1.33'),(2755,'D5','4','0','T29','3','1.33'),(2756,'D6','4','0','T29','3','1.33'),(2757,'D7','4','0','T29','3','1.33'),(2758,'E1','5','0','T29','3','1.33'),(2759,'E2','5','0','T29','3','1.33'),(2760,'E3','5','0','T29','3','1.33'),(2761,'E4','5','0','T29','3','1.33'),(2762,'E5','5','0','T29','3','1.33'),(2763,'E6','5','0','T29','3','1.33'),(2764,'E7','5','0','T29','3','1.33'),(2765,'F1','6','0','T29','3','1.33'),(2766,'F2','6','0','T29','3','1.33'),(2767,'F3','6','0','T29','3','1.33'),(2768,'F4','6','0','T29','3','1.33'),(2769,'F5','6','0','T29','3','1.33'),(2770,'F6','6','0','T29','3','1.33'),(2771,'F7','6','0','T29','3','1.33'),(2842,'A1','1','0','T30','3','1.33'),(2843,'A2','1','0','T30','3','1.33'),(2844,'A3','1','0','T30','3','1.33'),(2845,'A4','1','0','T30','3','1.33'),(2846,'A5','1','0','T30','3','1.33'),(2847,'A6','1','0','T30','3','1.33'),(2848,'A7','1','0','T30','3','1.33'),(2849,'A8','1','0','T30','3','1.33'),(2850,'A9','1','0','T30','3','1.33'),(2851,'A10','1','0','T30','3','1.33'),(2852,'B1','2','0','T30','3','1.33'),(2853,'B2','2','0','T30','3','1.33'),(2854,'B3','2','0','T30','3','1.33'),(2855,'B4','2','0','T30','3','1.33'),(2856,'B5','2','0','T30','3','1.33'),(2857,'B6','2','0','T30','3','1.33'),(2858,'B7','2','0','T30','3','1.33'),(2859,'B8','2','0','T30','3','1.33'),(2860,'B9','2','0','T30','3','1.33'),(2861,'B10','2','0','T30','3','1.33'),(2862,'C1','3','0','T30','3','1.33'),(2863,'C2','3','0','T30','3','1.33'),(2864,'C3','3','0','T30','3','1.33'),(2865,'C4','3','0','T30','3','1.33'),(2866,'C5','3','0','T30','3','1.33'),(2867,'C6','3','0','T30','3','1.33'),(2868,'C7','3','0','T30','3','1.33'),(2869,'C8','3','0','T30','3','1.33'),(2870,'C9','3','0','T30','3','1.33'),(2871,'C10','3','0','T30','3','1.33'),(2872,'D1','4','0','T30','3','1.33'),(2873,'D2','4','0','T30','3','1.33'),(2874,'D3','4','0','T30','3','1.33'),(2875,'D4','4','0','T30','3','1.33'),(2876,'D5','4','0','T30','3','1.33'),(2877,'D6','4','0','T30','3','1.33'),(2878,'D7','4','0','T30','3','1.33'),(2879,'D8','4','0','T30','3','1.33'),(2880,'D9','4','0','T30','3','1.33'),(2881,'D10','4','0','T30','3','1.33'),(2882,'E1','5','0','T30','3','1.33'),(2883,'E2','5','0','T30','3','1.33'),(2884,'E3','5','0','T30','3','1.33'),(2885,'E4','5','0','T30','3','1.33'),(2886,'E5','5','0','T30','3','1.33'),(2887,'E6','5','0','T30','3','1.33'),(2888,'E7','5','0','T30','3','1.33'),(2889,'E8','5','0','T30','3','1.33'),(2890,'E9','5','0','T30','3','1.33'),(2891,'E10','5','0','T30','3','1.33'),(2892,'F1','6','0','T30','3','1.33'),(2893,'F2','6','0','T30','3','1.33'),(2894,'F3','6','0','T30','3','1.33'),(2895,'F4','6','0','T30','3','1.33'),(2896,'F5','6','0','T30','3','1.33'),(2897,'F6','6','0','T30','3','1.33'),(2898,'F7','6','0','T30','3','1.33'),(2899,'F8','6','0','T30','3','1.33'),(2900,'F9','6','0','T30','3','1.33'),(2901,'F10','6','0','T30','3','1.33'),(2902,'A1','1','0','T31','3','1.33'),(2903,'A2','1','0','T31','3','1.33'),(2904,'A3','1','0','T31','3','1.33'),(2905,'A4','1','0','T31','3','1.33'),(2906,'A5','1','0','T31','3','1.33'),(2907,'A6','1','0','T31','3','1.33'),(2908,'A7','1','0','T31','3','1.33'),(2909,'A8','1','0','T31','3','1.33'),(2910,'A9','1','0','T31','3','1.33'),(2911,'A10','1','0','T31','3','1.33'),(2912,'B1','2','0','T31','3','1.33'),(2913,'B2','2','0','T31','3','1.33'),(2914,'B3','2','0','T31','3','1.33'),(2915,'B4','2','0','T31','3','1.33'),(2916,'B5','2','0','T31','3','1.33'),(2917,'B6','2','0','T31','3','1.33'),(2918,'B7','2','0','T31','3','1.33'),(2919,'B8','2','0','T31','3','1.33'),(2920,'B9','2','0','T31','3','1.33'),(2921,'B10','2','0','T31','3','1.33'),(2922,'C1','3','0','T31','3','1.33'),(2923,'C2','3','0','T31','3','1.33'),(2924,'C3','3','0','T31','3','1.33'),(2925,'C4','3','0','T31','3','1.33'),(2926,'C5','3','0','T31','3','1.33'),(2927,'C6','3','0','T31','3','1.33'),(2928,'C7','3','0','T31','3','1.33'),(2929,'C8','3','0','T31','3','1.33'),(2930,'C9','3','0','T31','3','1.33'),(2931,'C10','3','0','T31','3','1.33'),(2932,'D1','4','0','T31','3','1.33'),(2933,'D2','4','0','T31','3','1.33'),(2934,'D3','4','0','T31','3','1.33'),(2935,'D4','4','0','T31','3','1.33'),(2936,'D5','4','0','T31','3','1.33'),(2937,'D6','4','0','T31','3','1.33'),(2938,'D7','4','0','T31','3','1.33'),(2939,'D8','4','0','T31','3','1.33'),(2940,'D9','4','0','T31','3','1.33'),(2941,'D10','4','0','T31','3','1.33'),(2942,'E1','5','0','T31','3','1.33'),(2943,'E2','5','0','T31','3','1.33'),(2944,'E3','5','0','T31','3','1.33'),(2945,'E4','5','0','T31','3','1.33'),(2946,'E5','5','0','T31','3','1.33'),(2947,'E6','5','0','T31','3','1.33'),(2948,'E7','5','0','T31','3','1.33'),(2949,'E8','5','0','T31','3','1.33'),(2950,'E9','5','0','T31','3','1.33'),(2951,'E10','5','0','T31','3','1.33'),(2952,'F1','6','0','T31','3','1.33'),(2953,'F2','6','0','T31','3','1.33'),(2954,'F3','6','0','T31','3','1.33'),(2955,'F4','6','0','T31','3','1.33'),(2956,'F5','6','0','T31','3','1.33'),(2957,'F6','6','0','T31','3','1.33'),(2958,'F7','6','0','T31','3','1.33'),(2959,'F8','6','0','T31','3','1.33'),(2960,'F9','6','0','T31','3','1.33'),(2961,'F10','6','0','T31','3','1.33'),(2962,'A1','1','0','T32','3','1.33'),(2963,'A2','1','0','T32','3','1.33'),(2964,'A3','1','0','T32','3','1.33'),(2965,'A4','1','0','T32','3','1.33'),(2966,'A5','1','0','T32','3','1.33'),(2967,'A6','1','0','T32','3','1.33'),(2968,'A7','1','0','T32','3','1.33'),(2969,'A8','1','0','T32','3','1.33'),(2970,'A9','1','0','T32','3','1.33'),(2971,'A10','1','0','T32','3','1.33'),(2972,'B1','2','0','T32','3','1.33'),(2973,'B2','2','0','T32','3','1.33'),(2974,'B3','2','0','T32','3','1.33'),(2975,'B4','2','0','T32','3','1.33'),(2976,'B5','2','0','T32','3','1.33'),(2977,'B6','2','0','T32','3','1.33'),(2978,'B7','2','0','T32','3','1.33'),(2979,'B8','2','0','T32','3','1.33'),(2980,'B9','2','0','T32','3','1.33'),(2981,'B10','2','0','T32','3','1.33'),(2982,'C1','3','0','T32','3','1.33'),(2983,'C2','3','0','T32','3','1.33'),(2984,'C3','3','0','T32','3','1.33'),(2985,'C4','3','0','T32','3','1.33'),(2986,'C5','3','0','T32','3','1.33'),(2987,'C6','3','0','T32','3','1.33'),(2988,'C7','3','0','T32','3','1.33'),(2989,'C8','3','0','T32','3','1.33'),(2990,'C9','3','0','T32','3','1.33'),(2991,'C10','3','0','T32','3','1.33'),(2992,'D1','4','0','T32','3','1.33'),(2993,'D2','4','0','T32','3','1.33'),(2994,'D3','4','0','T32','3','1.33'),(2995,'D4','4','0','T32','3','1.33'),(2996,'D5','4','0','T32','3','1.33'),(2997,'D6','4','0','T32','3','1.33'),(2998,'D7','4','0','T32','3','1.33'),(2999,'D8','4','0','T32','3','1.33'),(3000,'D9','4','0','T32','3','1.33'),(3001,'D10','4','0','T32','3','1.33'),(3002,'E1','5','0','T32','3','1.33'),(3003,'E2','5','0','T32','3','1.33'),(3004,'E3','5','0','T32','3','1.33'),(3005,'E4','5','0','T32','3','1.33'),(3006,'E5','5','0','T32','3','1.33'),(3007,'E6','5','0','T32','3','1.33'),(3008,'E7','5','0','T32','3','1.33'),(3009,'E8','5','0','T32','3','1.33'),(3010,'E9','5','0','T32','3','1.33'),(3011,'E10','5','0','T32','3','1.33'),(3012,'F1','6','0','T32','3','1.33'),(3013,'F2','6','0','T32','3','1.33'),(3014,'F3','6','0','T32','3','1.33'),(3015,'F4','6','0','T32','3','1.33'),(3016,'F5','6','0','T32','3','1.33'),(3017,'F6','6','0','T32','3','1.33'),(3018,'F7','6','0','T32','3','1.33'),(3019,'F8','6','0','T32','3','1.33'),(3020,'F9','6','0','T32','3','1.33'),(3021,'F10','6','0','T32','3','1.33'),(5442,'A1','1','0','T33','3','1.33'),(5443,'A2','1','0','T33','3','1.33'),(5444,'A3','1','0','T33','3','1.33'),(5445,'A4','1','0','T33','3','1.33'),(5446,'A5','1','0','T33','3','1.33'),(5447,'A6','1','0','T33','3','1.33'),(5448,'A7','1','0','T33','3','1.33'),(5449,'A8','1','0','T33','3','1.33'),(5450,'A9','1','0','T33','3','1.33'),(5451,'A10','1','0','T33','3','1.33'),(5452,'A11','1','0','T33','3','1.33'),(5453,'A12','1','0','T33','3','1.33'),(5454,'A13','1','0','T33','3','1.33'),(5455,'A14','1','0','T33','3','1.33'),(5456,'A15','1','0','T33','3','1.33'),(5457,'A16','1','0','T33','3','1.33'),(5458,'A17','1','0','T33','3','1.33'),(5459,'A18','1','0','T33','3','1.33'),(5460,'A19','1','0','T33','3','1.33'),(5461,'A20','1','0','T33','3','1.33'),(5462,'B1','2','0','T33','3','1.33'),(5463,'B2','2','0','T33','3','1.33'),(5464,'B3','2','0','T33','3','1.33'),(5465,'B4','2','0','T33','3','1.33'),(5466,'B5','2','0','T33','3','1.33'),(5467,'B6','2','0','T33','3','1.33'),(5468,'B7','2','0','T33','3','1.33'),(5469,'B8','2','0','T33','3','1.33'),(5470,'B9','2','0','T33','3','1.33'),(5471,'B10','2','0','T33','3','1.33'),(5472,'B11','2','0','T33','3','1.33'),(5473,'B12','2','0','T33','3','1.33'),(5474,'B13','2','0','T33','3','1.33'),(5475,'B14','2','0','T33','3','1.33'),(5476,'B15','2','0','T33','3','1.33'),(5477,'B16','2','0','T33','3','1.33'),(5478,'B17','2','0','T33','3','1.33'),(5479,'B18','2','0','T33','3','1.33'),(5480,'B19','2','0','T33','3','1.33'),(5481,'B20','2','0','T33','3','1.33'),(5482,'C1','3','0','T33','3','1.33'),(5483,'C2','3','0','T33','3','1.33'),(5484,'C3','3','0','T33','3','1.33'),(5485,'C4','3','0','T33','3','1.33'),(5486,'C5','3','0','T33','3','1.33'),(5487,'C6','3','0','T33','3','1.33'),(5488,'C7','3','0','T33','3','1.33'),(5489,'C8','3','0','T33','3','1.33'),(5490,'C9','3','0','T33','3','1.33'),(5491,'C10','3','0','T33','3','1.33'),(5492,'C11','3','0','T33','3','1.33'),(5493,'C12','3','0','T33','3','1.33'),(5494,'C13','3','0','T33','3','1.33'),(5495,'C14','3','0','T33','3','1.33'),(5496,'C15','3','0','T33','3','1.33'),(5497,'C16','3','0','T33','3','1.33'),(5498,'C17','3','0','T33','3','1.33'),(5499,'C18','3','0','T33','3','1.33'),(5500,'C19','3','0','T33','3','1.33'),(5501,'C20','3','0','T33','3','1.33'),(5502,'D1','4','0','T33','3','1.33'),(5503,'D2','4','0','T33','3','1.33'),(5504,'D3','4','0','T33','3','1.33'),(5505,'D4','4','0','T33','3','1.33'),(5506,'D5','4','0','T33','3','1.33'),(5507,'D6','4','0','T33','3','1.33'),(5508,'D7','4','0','T33','3','1.33'),(5509,'D8','4','0','T33','3','1.33'),(5510,'D9','4','0','T33','3','1.33'),(5511,'D10','4','0','T33','3','1.33'),(5512,'D11','4','0','T33','3','1.33'),(5513,'D12','4','0','T33','3','1.33'),(5514,'D13','4','0','T33','3','1.33'),(5515,'D14','4','0','T33','3','1.33'),(5516,'D15','4','0','T33','3','1.33'),(5517,'D16','4','0','T33','3','1.33'),(5518,'D17','4','0','T33','3','1.33'),(5519,'D18','4','0','T33','3','1.33'),(5520,'D19','4','0','T33','3','1.33'),(5521,'D20','4','0','T33','3','1.33'),(5522,'E1','5','0','T33','3','1.33'),(5523,'E2','5','0','T33','3','1.33'),(5524,'E3','5','0','T33','3','1.33'),(5525,'E4','5','0','T33','3','1.33'),(5526,'E5','5','0','T33','3','1.33'),(5527,'E6','5','0','T33','3','1.33'),(5528,'E7','5','0','T33','3','1.33'),(5529,'E8','5','0','T33','3','1.33'),(5530,'E9','5','0','T33','3','1.33'),(5531,'E10','5','0','T33','3','1.33'),(5532,'E11','5','0','T33','3','1.33'),(5533,'E12','5','0','T33','3','1.33'),(5534,'E13','5','0','T33','3','1.33'),(5535,'E14','5','0','T33','3','1.33'),(5536,'E15','5','0','T33','3','1.33'),(5537,'E16','5','0','T33','3','1.33'),(5538,'E17','5','0','T33','3','1.33'),(5539,'E18','5','0','T33','3','1.33'),(5540,'E19','5','0','T33','3','1.33'),(5541,'E20','5','0','T33','3','1.33'),(5542,'F1','6','0','T33','3','1.33'),(5543,'F2','6','0','T33','3','1.33'),(5544,'F3','6','0','T33','3','1.33'),(5545,'F4','6','0','T33','3','1.33'),(5546,'F5','6','0','T33','3','1.33'),(5547,'F6','6','0','T33','3','1.33'),(5548,'F7','6','0','T33','3','1.33'),(5549,'F8','6','0','T33','3','1.33'),(5550,'F9','6','0','T33','3','1.33'),(5551,'F10','6','0','T33','3','1.33'),(5552,'F11','6','0','T33','3','1.33'),(5553,'F12','6','0','T33','3','1.33'),(5554,'F13','6','0','T33','3','1.33'),(5555,'F14','6','0','T33','3','1.33'),(5556,'F15','6','0','T33','3','1.33'),(5557,'F16','6','0','T33','3','1.33'),(5558,'F17','6','0','T33','3','1.33'),(5559,'F18','6','0','T33','3','1.33'),(5560,'F19','6','0','T33','3','1.33'),(5561,'F20','6','0','T33','3','1.33'),(5562,'G1','7','0','T33','3','1.33'),(5563,'G2','7','0','T33','3','1.33'),(5564,'G3','7','0','T33','3','1.33'),(5565,'G4','7','0','T33','3','1.33'),(5566,'G5','7','0','T33','3','1.33'),(5567,'G6','7','0','T33','3','1.33'),(5568,'G7','7','0','T33','3','1.33'),(5569,'G8','7','0','T33','3','1.33'),(5570,'G9','7','0','T33','3','1.33'),(5571,'G10','7','0','T33','3','1.33'),(5572,'G11','7','0','T33','3','1.33'),(5573,'G12','7','0','T33','3','1.33'),(5574,'G13','7','0','T33','3','1.33'),(5575,'G14','7','0','T33','3','1.33'),(5576,'G15','7','0','T33','3','1.33'),(5577,'G16','7','0','T33','3','1.33'),(5578,'G17','7','0','T33','3','1.33'),(5579,'G18','7','0','T33','3','1.33'),(5580,'G19','7','0','T33','3','1.33'),(5581,'G20','7','0','T33','3','1.33'),(5582,'H1','8','0','T33','3','1.33'),(5583,'H2','8','0','T33','3','1.33'),(5584,'H3','8','0','T33','3','1.33'),(5585,'H4','8','0','T33','3','1.33'),(5586,'H5','8','0','T33','3','1.33'),(5587,'H6','8','0','T33','3','1.33'),(5588,'H7','8','0','T33','3','1.33'),(5589,'H8','8','0','T33','3','1.33'),(5590,'H9','8','0','T33','3','1.33'),(5591,'H10','8','0','T33','3','1.33'),(5592,'H11','8','0','T33','3','1.33'),(5593,'H12','8','0','T33','3','1.33'),(5594,'H13','8','0','T33','3','1.33'),(5595,'H14','8','0','T33','3','1.33'),(5596,'H15','8','0','T33','3','1.33'),(5597,'H16','8','0','T33','3','1.33'),(5598,'H17','8','0','T33','3','1.33'),(5599,'H18','8','0','T33','3','1.33'),(5600,'H19','8','0','T33','3','1.33'),(5601,'H20','8','0','T33','3','1.33'),(5602,'I1','9','0','T33','3','1.33'),(5603,'I2','9','0','T33','3','1.33'),(5604,'I3','9','0','T33','3','1.33'),(5605,'I4','9','0','T33','3','1.33'),(5606,'I5','9','0','T33','3','1.33'),(5607,'I6','9','0','T33','3','1.33'),(5608,'I7','9','0','T33','3','1.33'),(5609,'I8','9','0','T33','3','1.33'),(5610,'I9','9','0','T33','3','1.33'),(5611,'I10','9','0','T33','3','1.33'),(5612,'I11','9','0','T33','3','1.33'),(5613,'I12','9','0','T33','3','1.33'),(5614,'I13','9','0','T33','3','1.33'),(5615,'I14','9','0','T33','3','1.33'),(5616,'I15','9','0','T33','3','1.33'),(5617,'I16','9','0','T33','3','1.33'),(5618,'I17','9','0','T33','3','1.33'),(5619,'I18','9','0','T33','3','1.33'),(5620,'I19','9','0','T33','3','1.33'),(5621,'I20','9','0','T33','3','1.33'),(5622,'J1','10','0','T33','3','1.33'),(5623,'J2','10','0','T33','3','1.33'),(5624,'J3','10','0','T33','3','1.33'),(5625,'J4','10','0','T33','3','1.33'),(5626,'J5','10','0','T33','3','1.33'),(5627,'J6','10','0','T33','3','1.33'),(5628,'J7','10','0','T33','3','1.33'),(5629,'J8','10','0','T33','3','1.33'),(5630,'J9','10','0','T33','3','1.33'),(5631,'J10','10','0','T33','3','1.33'),(5632,'J11','10','0','T33','3','1.33'),(5633,'J12','10','0','T33','3','1.33'),(5634,'J13','10','0','T33','3','1.33'),(5635,'J14','10','0','T33','3','1.33'),(5636,'J15','10','0','T33','3','1.33'),(5637,'J16','10','0','T33','3','1.33'),(5638,'J17','10','0','T33','3','1.33'),(5639,'J18','10','0','T33','3','1.33'),(5640,'J19','10','0','T33','3','1.33'),(5641,'J20','10','0','T33','3','1.33'),(5642,'K1','11','0','T33','3','1.33'),(5643,'K2','11','0','T33','3','1.33'),(5644,'K3','11','0','T33','3','1.33'),(5645,'K4','11','0','T33','3','1.33'),(5646,'K5','11','0','T33','3','1.33'),(5647,'K6','11','0','T33','3','1.33'),(5648,'K7','11','0','T33','3','1.33'),(5649,'K8','11','0','T33','3','1.33'),(5650,'K9','11','0','T33','3','1.33'),(5651,'K10','11','0','T33','3','1.33'),(5652,'K11','11','0','T33','3','1.33'),(5653,'K12','11','0','T33','3','1.33'),(5654,'K13','11','0','T33','3','1.33'),(5655,'K14','11','0','T33','3','1.33'),(5656,'K15','11','0','T33','3','1.33'),(5657,'K16','11','0','T33','3','1.33'),(5658,'K17','11','0','T33','3','1.33'),(5659,'K18','11','0','T33','3','1.33'),(5660,'K19','11','0','T33','3','1.33'),(5661,'K20','11','0','T33','3','1.33'),(5662,'L1','12','0','T33','3','1.33'),(5663,'L2','12','0','T33','3','1.33'),(5664,'L3','12','0','T33','3','1.33'),(5665,'L4','12','0','T33','3','1.33'),(5666,'L5','12','0','T33','3','1.33'),(5667,'L6','12','0','T33','3','1.33'),(5668,'L7','12','0','T33','3','1.33'),(5669,'L8','12','0','T33','3','1.33'),(5670,'L9','12','0','T33','3','1.33'),(5671,'L10','12','0','T33','3','1.33'),(5672,'L11','12','0','T33','3','1.33'),(5673,'L12','12','0','T33','3','1.33'),(5674,'L13','12','0','T33','3','1.33'),(5675,'L14','12','0','T33','3','1.33'),(5676,'L15','12','0','T33','3','1.33'),(5677,'L16','12','0','T33','3','1.33'),(5678,'L17','12','0','T33','3','1.33'),(5679,'L18','12','0','T33','3','1.33'),(5680,'L19','12','0','T33','3','1.33'),(5681,'L20','12','0','T33','3','1.33'),(5682,'M1','13','0','T33','3','1.33'),(5683,'M2','13','0','T33','3','1.33'),(5684,'M3','13','0','T33','3','1.33'),(5685,'M4','13','0','T33','3','1.33'),(5686,'M5','13','0','T33','3','1.33'),(5687,'M6','13','0','T33','3','1.33'),(5688,'M7','13','0','T33','3','1.33'),(5689,'M8','13','0','T33','3','1.33'),(5690,'M9','13','0','T33','3','1.33'),(5691,'M10','13','0','T33','3','1.33'),(5692,'M11','13','0','T33','3','1.33'),(5693,'M12','13','0','T33','3','1.33'),(5694,'M13','13','0','T33','3','1.33'),(5695,'M14','13','0','T33','3','1.33'),(5696,'M15','13','0','T33','3','1.33'),(5697,'M16','13','0','T33','3','1.33'),(5698,'M17','13','0','T33','3','1.33'),(5699,'M18','13','0','T33','3','1.33'),(5700,'M19','13','0','T33','3','1.33'),(5701,'M20','13','0','T33','3','1.33'),(5702,'N1','14','0','T33','3','1.33'),(5703,'N2','14','0','T33','3','1.33'),(5704,'N3','14','0','T33','3','1.33'),(5705,'N4','14','0','T33','3','1.33'),(5706,'N5','14','0','T33','3','1.33'),(5707,'N6','14','0','T33','3','1.33'),(5708,'N7','14','0','T33','3','1.33'),(5709,'N8','14','0','T33','3','1.33'),(5710,'N9','14','0','T33','3','1.33'),(5711,'N10','14','0','T33','3','1.33'),(5712,'N11','14','0','T33','3','1.33'),(5713,'N12','14','0','T33','3','1.33'),(5714,'N13','14','0','T33','3','1.33'),(5715,'N14','14','0','T33','3','1.33'),(5716,'N15','14','0','T33','3','1.33'),(5717,'N16','14','0','T33','3','1.33'),(5718,'N17','14','0','T33','3','1.33'),(5719,'N18','14','0','T33','3','1.33'),(5720,'N19','14','0','T33','3','1.33'),(5721,'N20','14','0','T33','3','1.33'),(5722,'O1','15','0','T33','3','1.33'),(5723,'O2','15','0','T33','3','1.33'),(5724,'O3','15','0','T33','3','1.33'),(5725,'O4','15','0','T33','3','1.33'),(5726,'O5','15','0','T33','3','1.33'),(5727,'O6','15','0','T33','3','1.33'),(5728,'O7','15','0','T33','3','1.33'),(5729,'O8','15','0','T33','3','1.33'),(5730,'O9','15','0','T33','3','1.33'),(5731,'O10','15','0','T33','3','1.33'),(5732,'O11','15','0','T33','3','1.33'),(5733,'O12','15','0','T33','3','1.33'),(5734,'O13','15','0','T33','3','1.33'),(5735,'O14','15','0','T33','3','1.33'),(5736,'O15','15','0','T33','3','1.33'),(5737,'O16','15','0','T33','3','1.33'),(5738,'O17','15','0','T33','3','1.33'),(5739,'O18','15','0','T33','3','1.33'),(5740,'O19','15','0','T33','3','1.33'),(5741,'O20','15','0','T33','3','1.33'),(5742,'P1','16','0','T33','3','1.33'),(5743,'P2','16','0','T33','3','1.33'),(5744,'P3','16','0','T33','3','1.33'),(5745,'P4','16','0','T33','3','1.33'),(5746,'P5','16','0','T33','3','1.33'),(5747,'P6','16','0','T33','3','1.33'),(5748,'P7','16','0','T33','3','1.33'),(5749,'P8','16','0','T33','3','1.33'),(5750,'P9','16','0','T33','3','1.33'),(5751,'P10','16','0','T33','3','1.33'),(5752,'P11','16','0','T33','3','1.33'),(5753,'P12','16','0','T33','3','1.33'),(5754,'P13','16','0','T33','3','1.33'),(5755,'P14','16','0','T33','3','1.33'),(5756,'P15','16','0','T33','3','1.33'),(5757,'P16','16','0','T33','3','1.33'),(5758,'P17','16','0','T33','3','1.33'),(5759,'P18','16','0','T33','3','1.33'),(5760,'P19','16','0','T33','3','1.33'),(5761,'P20','16','0','T33','3','1.33'),(5762,'A1','1','0','T34','3','1.33'),(5763,'A2','1','0','T34','3','1.33'),(5764,'A3','1','0','T34','3','1.33'),(5765,'A4','1','0','T34','3','1.33'),(5766,'A5','1','0','T34','3','1.33'),(5767,'A6','1','0','T34','3','1.33'),(5768,'A7','1','0','T34','3','1.33'),(5769,'A8','1','0','T34','3','1.33'),(5770,'A9','1','0','T34','3','1.33'),(5771,'A10','1','0','T34','3','1.33'),(5772,'A11','1','0','T34','3','1.33'),(5773,'A12','1','0','T34','3','1.33'),(5774,'A13','1','0','T34','3','1.33'),(5775,'A14','1','0','T34','3','1.33'),(5776,'A15','1','0','T34','3','1.33'),(5777,'A16','1','0','T34','3','1.33'),(5778,'A17','1','0','T34','3','1.33'),(5779,'A18','1','0','T34','3','1.33'),(5780,'A19','1','0','T34','3','1.33'),(5781,'A20','1','0','T34','3','1.33'),(5782,'B1','2','0','T34','3','1.33'),(5783,'B2','2','0','T34','3','1.33'),(5784,'B3','2','0','T34','3','1.33'),(5785,'B4','2','0','T34','3','1.33'),(5786,'B5','2','0','T34','3','1.33'),(5787,'B6','2','0','T34','3','1.33'),(5788,'B7','2','0','T34','3','1.33'),(5789,'B8','2','0','T34','3','1.33'),(5790,'B9','2','0','T34','3','1.33'),(5791,'B10','2','0','T34','3','1.33'),(5792,'B11','2','0','T34','3','1.33'),(5793,'B12','2','0','T34','3','1.33'),(5794,'B13','2','0','T34','3','1.33'),(5795,'B14','2','0','T34','3','1.33'),(5796,'B15','2','0','T34','3','1.33'),(5797,'B16','2','0','T34','3','1.33'),(5798,'B17','2','0','T34','3','1.33'),(5799,'B18','2','0','T34','3','1.33'),(5800,'B19','2','0','T34','3','1.33'),(5801,'B20','2','0','T34','3','1.33'),(5802,'C1','3','0','T34','3','1.33'),(5803,'C2','3','0','T34','3','1.33'),(5804,'C3','3','0','T34','3','1.33'),(5805,'C4','3','0','T34','3','1.33'),(5806,'C5','3','0','T34','3','1.33'),(5807,'C6','3','0','T34','3','1.33'),(5808,'C7','3','0','T34','3','1.33'),(5809,'C8','3','0','T34','3','1.33'),(5810,'C9','3','0','T34','3','1.33'),(5811,'C10','3','0','T34','3','1.33'),(5812,'C11','3','0','T34','3','1.33'),(5813,'C12','3','0','T34','3','1.33'),(5814,'C13','3','0','T34','3','1.33'),(5815,'C14','3','0','T34','3','1.33'),(5816,'C15','3','0','T34','3','1.33'),(5817,'C16','3','0','T34','3','1.33'),(5818,'C17','3','0','T34','3','1.33'),(5819,'C18','3','0','T34','3','1.33'),(5820,'C19','3','0','T34','3','1.33'),(5821,'C20','3','0','T34','3','1.33'),(5822,'D1','4','0','T34','3','1.33'),(5823,'D2','4','0','T34','3','1.33'),(5824,'D3','4','0','T34','3','1.33'),(5825,'D4','4','0','T34','3','1.33'),(5826,'D5','4','0','T34','3','1.33'),(5827,'D6','4','0','T34','3','1.33'),(5828,'D7','4','0','T34','3','1.33'),(5829,'D8','4','0','T34','3','1.33'),(5830,'D9','4','0','T34','3','1.33'),(5831,'D10','4','0','T34','3','1.33'),(5832,'D11','4','0','T34','3','1.33'),(5833,'D12','4','0','T34','3','1.33'),(5834,'D13','4','0','T34','3','1.33'),(5835,'D14','4','0','T34','3','1.33'),(5836,'D15','4','0','T34','3','1.33'),(5837,'D16','4','0','T34','3','1.33'),(5838,'D17','4','0','T34','3','1.33'),(5839,'D18','4','0','T34','3','1.33'),(5840,'D19','4','0','T34','3','1.33'),(5841,'D20','4','0','T34','3','1.33'),(5842,'E1','5','0','T34','3','1.33'),(5843,'E2','5','0','T34','3','1.33'),(5844,'E3','5','0','T34','3','1.33'),(5845,'E4','5','0','T34','3','1.33'),(5846,'E5','5','0','T34','3','1.33'),(5847,'E6','5','0','T34','3','1.33'),(5848,'E7','5','0','T34','3','1.33'),(5849,'E8','5','0','T34','3','1.33'),(5850,'E9','5','0','T34','3','1.33'),(5851,'E10','5','0','T34','3','1.33'),(5852,'E11','5','0','T34','3','1.33'),(5853,'E12','5','0','T34','3','1.33'),(5854,'E13','5','0','T34','3','1.33'),(5855,'E14','5','0','T34','3','1.33'),(5856,'E15','5','0','T34','3','1.33'),(5857,'E16','5','0','T34','3','1.33'),(5858,'E17','5','0','T34','3','1.33'),(5859,'E18','5','0','T34','3','1.33'),(5860,'E19','5','0','T34','3','1.33'),(5861,'E20','5','0','T34','3','1.33'),(5862,'F1','6','0','T34','3','1.33'),(5863,'F2','6','0','T34','3','1.33'),(5864,'F3','6','0','T34','3','1.33'),(5865,'F4','6','0','T34','3','1.33'),(5866,'F5','6','0','T34','3','1.33'),(5867,'F6','6','0','T34','3','1.33'),(5868,'F7','6','0','T34','3','1.33'),(5869,'F8','6','0','T34','3','1.33'),(5870,'F9','6','0','T34','3','1.33'),(5871,'F10','6','0','T34','3','1.33'),(5872,'F11','6','0','T34','3','1.33'),(5873,'F12','6','0','T34','3','1.33'),(5874,'F13','6','0','T34','3','1.33'),(5875,'F14','6','0','T34','3','1.33'),(5876,'F15','6','0','T34','3','1.33'),(5877,'F16','6','0','T34','3','1.33'),(5878,'F17','6','0','T34','3','1.33'),(5879,'F18','6','0','T34','3','1.33'),(5880,'F19','6','0','T34','3','1.33'),(5881,'F20','6','0','T34','3','1.33'),(5882,'G1','7','0','T34','3','1.33'),(5883,'G2','7','0','T34','3','1.33'),(5884,'G3','7','0','T34','3','1.33'),(5885,'G4','7','0','T34','3','1.33'),(5886,'G5','7','0','T34','3','1.33'),(5887,'G6','7','0','T34','3','1.33'),(5888,'G7','7','0','T34','3','1.33'),(5889,'G8','7','0','T34','3','1.33'),(5890,'G9','7','0','T34','3','1.33'),(5891,'G10','7','0','T34','3','1.33'),(5892,'G11','7','0','T34','3','1.33'),(5893,'G12','7','0','T34','3','1.33'),(5894,'G13','7','0','T34','3','1.33'),(5895,'G14','7','0','T34','3','1.33'),(5896,'G15','7','0','T34','3','1.33'),(5897,'G16','7','0','T34','3','1.33'),(5898,'G17','7','0','T34','3','1.33'),(5899,'G18','7','0','T34','3','1.33'),(5900,'G19','7','0','T34','3','1.33'),(5901,'G20','7','0','T34','3','1.33'),(5902,'H1','8','0','T34','3','1.33'),(5903,'H2','8','0','T34','3','1.33'),(5904,'H3','8','0','T34','3','1.33'),(5905,'H4','8','0','T34','3','1.33'),(5906,'H5','8','0','T34','3','1.33'),(5907,'H6','8','0','T34','3','1.33'),(5908,'H7','8','0','T34','3','1.33'),(5909,'H8','8','0','T34','3','1.33'),(5910,'H9','8','0','T34','3','1.33'),(5911,'H10','8','0','T34','3','1.33'),(5912,'H11','8','0','T34','3','1.33'),(5913,'H12','8','0','T34','3','1.33'),(5914,'H13','8','0','T34','3','1.33'),(5915,'H14','8','0','T34','3','1.33'),(5916,'H15','8','0','T34','3','1.33'),(5917,'H16','8','0','T34','3','1.33'),(5918,'H17','8','0','T34','3','1.33'),(5919,'H18','8','0','T34','3','1.33'),(5920,'H19','8','0','T34','3','1.33'),(5921,'H20','8','0','T34','3','1.33'),(5922,'I1','9','0','T34','3','1.33'),(5923,'I2','9','0','T34','3','1.33'),(5924,'I3','9','0','T34','3','1.33'),(5925,'I4','9','0','T34','3','1.33'),(5926,'I5','9','0','T34','3','1.33'),(5927,'I6','9','0','T34','3','1.33'),(5928,'I7','9','0','T34','3','1.33'),(5929,'I8','9','0','T34','3','1.33'),(5930,'I9','9','0','T34','3','1.33'),(5931,'I10','9','0','T34','3','1.33'),(5932,'I11','9','0','T34','3','1.33'),(5933,'I12','9','0','T34','3','1.33'),(5934,'I13','9','0','T34','3','1.33'),(5935,'I14','9','0','T34','3','1.33'),(5936,'I15','9','0','T34','3','1.33'),(5937,'I16','9','0','T34','3','1.33'),(5938,'I17','9','0','T34','3','1.33'),(5939,'I18','9','0','T34','3','1.33'),(5940,'I19','9','0','T34','3','1.33'),(5941,'I20','9','0','T34','3','1.33'),(5942,'J1','10','0','T34','3','1.33'),(5943,'J2','10','0','T34','3','1.33'),(5944,'J3','10','0','T34','3','1.33'),(5945,'J4','10','0','T34','3','1.33'),(5946,'J5','10','0','T34','3','1.33'),(5947,'J6','10','0','T34','3','1.33'),(5948,'J7','10','0','T34','3','1.33'),(5949,'J8','10','0','T34','3','1.33'),(5950,'J9','10','0','T34','3','1.33'),(5951,'J10','10','0','T34','3','1.33'),(5952,'J11','10','0','T34','3','1.33'),(5953,'J12','10','0','T34','3','1.33'),(5954,'J13','10','0','T34','3','1.33'),(5955,'J14','10','0','T34','3','1.33'),(5956,'J15','10','0','T34','3','1.33'),(5957,'J16','10','0','T34','3','1.33'),(5958,'J17','10','0','T34','3','1.33'),(5959,'J18','10','0','T34','3','1.33'),(5960,'J19','10','0','T34','3','1.33'),(5961,'J20','10','0','T34','3','1.33'),(5962,'K1','11','0','T34','3','1.33'),(5963,'K2','11','0','T34','3','1.33'),(5964,'K3','11','0','T34','3','1.33'),(5965,'K4','11','0','T34','3','1.33'),(5966,'K5','11','0','T34','3','1.33'),(5967,'K6','11','0','T34','3','1.33'),(5968,'K7','11','0','T34','3','1.33'),(5969,'K8','11','0','T34','3','1.33'),(5970,'K9','11','0','T34','3','1.33'),(5971,'K10','11','0','T34','3','1.33'),(5972,'K11','11','0','T34','3','1.33'),(5973,'K12','11','0','T34','3','1.33'),(5974,'K13','11','0','T34','3','1.33'),(5975,'K14','11','0','T34','3','1.33'),(5976,'K15','11','0','T34','3','1.33'),(5977,'K16','11','0','T34','3','1.33'),(5978,'K17','11','0','T34','3','1.33'),(5979,'K18','11','0','T34','3','1.33'),(5980,'K19','11','0','T34','3','1.33'),(5981,'K20','11','0','T34','3','1.33'),(5982,'L1','12','0','T34','3','1.33'),(5983,'L2','12','0','T34','3','1.33'),(5984,'L3','12','0','T34','3','1.33'),(5985,'L4','12','0','T34','3','1.33'),(5986,'L5','12','0','T34','3','1.33'),(5987,'L6','12','0','T34','3','1.33'),(5988,'L7','12','0','T34','3','1.33'),(5989,'L8','12','0','T34','3','1.33'),(5990,'L9','12','0','T34','3','1.33'),(5991,'L10','12','0','T34','3','1.33'),(5992,'L11','12','0','T34','3','1.33'),(5993,'L12','12','0','T34','3','1.33'),(5994,'L13','12','0','T34','3','1.33'),(5995,'L14','12','0','T34','3','1.33'),(5996,'L15','12','0','T34','3','1.33'),(5997,'L16','12','0','T34','3','1.33'),(5998,'L17','12','0','T34','3','1.33'),(5999,'L18','12','0','T34','3','1.33'),(6000,'L19','12','0','T34','3','1.33'),(6001,'L20','12','0','T34','3','1.33'),(6002,'M1','13','0','T34','3','1.33'),(6003,'M2','13','0','T34','3','1.33'),(6004,'M3','13','0','T34','3','1.33'),(6005,'M4','13','0','T34','3','1.33'),(6006,'M5','13','0','T34','3','1.33'),(6007,'M6','13','0','T34','3','1.33'),(6008,'M7','13','0','T34','3','1.33'),(6009,'M8','13','0','T34','3','1.33'),(6010,'M9','13','0','T34','3','1.33'),(6011,'M10','13','0','T34','3','1.33'),(6012,'M11','13','0','T34','3','1.33'),(6013,'M12','13','0','T34','3','1.33'),(6014,'M13','13','0','T34','3','1.33'),(6015,'M14','13','0','T34','3','1.33'),(6016,'M15','13','0','T34','3','1.33'),(6017,'M16','13','0','T34','3','1.33'),(6018,'M17','13','0','T34','3','1.33'),(6019,'M18','13','0','T34','3','1.33'),(6020,'M19','13','0','T34','3','1.33'),(6021,'M20','13','0','T34','3','1.33'),(6022,'N1','14','0','T34','3','1.33'),(6023,'N2','14','0','T34','3','1.33'),(6024,'N3','14','0','T34','3','1.33'),(6025,'N4','14','0','T34','3','1.33'),(6026,'N5','14','0','T34','3','1.33'),(6027,'N6','14','0','T34','3','1.33'),(6028,'N7','14','0','T34','3','1.33'),(6029,'N8','14','0','T34','3','1.33'),(6030,'N9','14','0','T34','3','1.33'),(6031,'N10','14','0','T34','3','1.33'),(6032,'N11','14','0','T34','3','1.33'),(6033,'N12','14','0','T34','3','1.33'),(6034,'N13','14','0','T34','3','1.33'),(6035,'N14','14','0','T34','3','1.33'),(6036,'N15','14','0','T34','3','1.33'),(6037,'N16','14','0','T34','3','1.33'),(6038,'N17','14','0','T34','3','1.33'),(6039,'N18','14','0','T34','3','1.33'),(6040,'N19','14','0','T34','3','1.33'),(6041,'N20','14','0','T34','3','1.33'),(6042,'O1','15','0','T34','3','1.33'),(6043,'O2','15','0','T34','3','1.33'),(6044,'O3','15','0','T34','3','1.33'),(6045,'O4','15','0','T34','3','1.33'),(6046,'O5','15','0','T34','3','1.33'),(6047,'O6','15','0','T34','3','1.33'),(6048,'O7','15','0','T34','3','1.33'),(6049,'O8','15','0','T34','3','1.33'),(6050,'O9','15','0','T34','3','1.33'),(6051,'O10','15','0','T34','3','1.33'),(6052,'O11','15','0','T34','3','1.33'),(6053,'O12','15','0','T34','3','1.33'),(6054,'O13','15','0','T34','3','1.33'),(6055,'O14','15','0','T34','3','1.33'),(6056,'O15','15','0','T34','3','1.33'),(6057,'O16','15','0','T34','3','1.33'),(6058,'O17','15','0','T34','3','1.33'),(6059,'O18','15','0','T34','3','1.33'),(6060,'O19','15','0','T34','3','1.33'),(6061,'O20','15','0','T34','3','1.33'),(6062,'P1','16','0','T34','3','1.33'),(6063,'P2','16','0','T34','3','1.33'),(6064,'P3','16','0','T34','3','1.33'),(6065,'P4','16','0','T34','3','1.33'),(6066,'P5','16','0','T34','3','1.33'),(6067,'P6','16','0','T34','3','1.33'),(6068,'P7','16','0','T34','3','1.33'),(6069,'P8','16','0','T34','3','1.33'),(6070,'P9','16','0','T34','3','1.33'),(6071,'P10','16','0','T34','3','1.33'),(6072,'P11','16','0','T34','3','1.33'),(6073,'P12','16','0','T34','3','1.33'),(6074,'P13','16','0','T34','3','1.33'),(6075,'P14','16','0','T34','3','1.33'),(6076,'P15','16','0','T34','3','1.33'),(6077,'P16','16','0','T34','3','1.33'),(6078,'P17','16','0','T34','3','1.33'),(6079,'P18','16','0','T34','3','1.33'),(6080,'P19','16','0','T34','3','1.33'),(6081,'P20','16','0','T34','3','1.33'),(6082,'A1','1','0','T35','3','1.33'),(6083,'A2','1','0','T35','3','1.33'),(6084,'A3','1','0','T35','3','1.33'),(6085,'A4','1','0','T35','3','1.33'),(6086,'A5','1','0','T35','3','1.33'),(6087,'A6','1','0','T35','3','1.33'),(6088,'A7','1','0','T35','3','1.33'),(6089,'A8','1','0','T35','3','1.33'),(6090,'A9','1','0','T35','3','1.33'),(6091,'A10','1','0','T35','3','1.33'),(6092,'A11','1','0','T35','3','1.33'),(6093,'A12','1','0','T35','3','1.33'),(6094,'A13','1','0','T35','3','1.33'),(6095,'A14','1','0','T35','3','1.33'),(6096,'A15','1','0','T35','3','1.33'),(6097,'A16','1','0','T35','3','1.33'),(6098,'A17','1','0','T35','3','1.33'),(6099,'A18','1','0','T35','3','1.33'),(6100,'A19','1','0','T35','3','1.33'),(6101,'A20','1','0','T35','3','1.33'),(6102,'B1','2','0','T35','3','1.33'),(6103,'B2','2','0','T35','3','1.33'),(6104,'B3','2','0','T35','3','1.33'),(6105,'B4','2','0','T35','3','1.33'),(6106,'B5','2','0','T35','3','1.33'),(6107,'B6','2','0','T35','3','1.33'),(6108,'B7','2','0','T35','3','1.33'),(6109,'B8','2','0','T35','3','1.33'),(6110,'B9','2','0','T35','3','1.33'),(6111,'B10','2','0','T35','3','1.33'),(6112,'B11','2','0','T35','3','1.33'),(6113,'B12','2','0','T35','3','1.33'),(6114,'B13','2','0','T35','3','1.33'),(6115,'B14','2','0','T35','3','1.33'),(6116,'B15','2','0','T35','3','1.33'),(6117,'B16','2','0','T35','3','1.33'),(6118,'B17','2','0','T35','3','1.33'),(6119,'B18','2','0','T35','3','1.33'),(6120,'B19','2','0','T35','3','1.33'),(6121,'B20','2','0','T35','3','1.33'),(6122,'C1','3','0','T35','3','1.33'),(6123,'C2','3','0','T35','3','1.33'),(6124,'C3','3','0','T35','3','1.33'),(6125,'C4','3','0','T35','3','1.33'),(6126,'C5','3','0','T35','3','1.33'),(6127,'C6','3','0','T35','3','1.33'),(6128,'C7','3','0','T35','3','1.33'),(6129,'C8','3','0','T35','3','1.33'),(6130,'C9','3','0','T35','3','1.33'),(6131,'C10','3','0','T35','3','1.33'),(6132,'C11','3','0','T35','3','1.33'),(6133,'C12','3','0','T35','3','1.33'),(6134,'C13','3','0','T35','3','1.33'),(6135,'C14','3','0','T35','3','1.33'),(6136,'C15','3','0','T35','3','1.33'),(6137,'C16','3','0','T35','3','1.33'),(6138,'C17','3','0','T35','3','1.33'),(6139,'C18','3','0','T35','3','1.33'),(6140,'C19','3','0','T35','3','1.33'),(6141,'C20','3','0','T35','3','1.33'),(6142,'D1','4','0','T35','3','1.33'),(6143,'D2','4','0','T35','3','1.33'),(6144,'D3','4','0','T35','3','1.33'),(6145,'D4','4','0','T35','3','1.33'),(6146,'D5','4','0','T35','3','1.33'),(6147,'D6','4','0','T35','3','1.33'),(6148,'D7','4','0','T35','3','1.33'),(6149,'D8','4','0','T35','3','1.33'),(6150,'D9','4','0','T35','3','1.33'),(6151,'D10','4','0','T35','3','1.33'),(6152,'D11','4','0','T35','3','1.33'),(6153,'D12','4','0','T35','3','1.33'),(6154,'D13','4','0','T35','3','1.33'),(6155,'D14','4','0','T35','3','1.33'),(6156,'D15','4','0','T35','3','1.33'),(6157,'D16','4','0','T35','3','1.33'),(6158,'D17','4','0','T35','3','1.33'),(6159,'D18','4','0','T35','3','1.33'),(6160,'D19','4','0','T35','3','1.33'),(6161,'D20','4','0','T35','3','1.33'),(6162,'E1','5','0','T35','3','1.33'),(6163,'E2','5','0','T35','3','1.33'),(6164,'E3','5','0','T35','3','1.33'),(6165,'E4','5','0','T35','3','1.33'),(6166,'E5','5','0','T35','3','1.33'),(6167,'E6','5','0','T35','3','1.33'),(6168,'E7','5','0','T35','3','1.33'),(6169,'E8','5','0','T35','3','1.33'),(6170,'E9','5','0','T35','3','1.33'),(6171,'E10','5','0','T35','3','1.33'),(6172,'E11','5','0','T35','3','1.33'),(6173,'E12','5','0','T35','3','1.33'),(6174,'E13','5','0','T35','3','1.33'),(6175,'E14','5','0','T35','3','1.33'),(6176,'E15','5','0','T35','3','1.33'),(6177,'E16','5','0','T35','3','1.33'),(6178,'E17','5','0','T35','3','1.33'),(6179,'E18','5','0','T35','3','1.33'),(6180,'E19','5','0','T35','3','1.33'),(6181,'E20','5','0','T35','3','1.33'),(6182,'F1','6','0','T35','3','1.33'),(6183,'F2','6','0','T35','3','1.33'),(6184,'F3','6','0','T35','3','1.33'),(6185,'F4','6','0','T35','3','1.33'),(6186,'F5','6','0','T35','3','1.33'),(6187,'F6','6','0','T35','3','1.33'),(6188,'F7','6','0','T35','3','1.33'),(6189,'F8','6','0','T35','3','1.33'),(6190,'F9','6','0','T35','3','1.33'),(6191,'F10','6','0','T35','3','1.33'),(6192,'F11','6','0','T35','3','1.33'),(6193,'F12','6','0','T35','3','1.33'),(6194,'F13','6','0','T35','3','1.33'),(6195,'F14','6','0','T35','3','1.33'),(6196,'F15','6','0','T35','3','1.33'),(6197,'F16','6','0','T35','3','1.33'),(6198,'F17','6','0','T35','3','1.33'),(6199,'F18','6','0','T35','3','1.33'),(6200,'F19','6','0','T35','3','1.33'),(6201,'F20','6','0','T35','3','1.33'),(6202,'G1','7','0','T35','3','1.33'),(6203,'G2','7','0','T35','3','1.33'),(6204,'G3','7','0','T35','3','1.33'),(6205,'G4','7','0','T35','3','1.33'),(6206,'G5','7','0','T35','3','1.33'),(6207,'G6','7','0','T35','3','1.33'),(6208,'G7','7','0','T35','3','1.33'),(6209,'G8','7','0','T35','3','1.33'),(6210,'G9','7','0','T35','3','1.33'),(6211,'G10','7','0','T35','3','1.33'),(6212,'G11','7','0','T35','3','1.33'),(6213,'G12','7','0','T35','3','1.33'),(6214,'G13','7','0','T35','3','1.33'),(6215,'G14','7','0','T35','3','1.33'),(6216,'G15','7','0','T35','3','1.33'),(6217,'G16','7','0','T35','3','1.33'),(6218,'G17','7','0','T35','3','1.33'),(6219,'G18','7','0','T35','3','1.33'),(6220,'G19','7','0','T35','3','1.33'),(6221,'G20','7','0','T35','3','1.33'),(6222,'H1','8','0','T35','3','1.33'),(6223,'H2','8','0','T35','3','1.33'),(6224,'H3','8','0','T35','3','1.33'),(6225,'H4','8','0','T35','3','1.33'),(6226,'H5','8','0','T35','3','1.33'),(6227,'H6','8','0','T35','3','1.33'),(6228,'H7','8','0','T35','3','1.33'),(6229,'H8','8','0','T35','3','1.33'),(6230,'H9','8','0','T35','3','1.33'),(6231,'H10','8','0','T35','3','1.33'),(6232,'H11','8','0','T35','3','1.33'),(6233,'H12','8','0','T35','3','1.33'),(6234,'H13','8','0','T35','3','1.33'),(6235,'H14','8','0','T35','3','1.33'),(6236,'H15','8','0','T35','3','1.33'),(6237,'H16','8','0','T35','3','1.33'),(6238,'H17','8','0','T35','3','1.33'),(6239,'H18','8','0','T35','3','1.33'),(6240,'H19','8','0','T35','3','1.33'),(6241,'H20','8','0','T35','3','1.33'),(6242,'I1','9','0','T35','3','1.33'),(6243,'I2','9','0','T35','3','1.33'),(6244,'I3','9','0','T35','3','1.33'),(6245,'I4','9','0','T35','3','1.33'),(6246,'I5','9','0','T35','3','1.33'),(6247,'I6','9','0','T35','3','1.33'),(6248,'I7','9','0','T35','3','1.33'),(6249,'I8','9','0','T35','3','1.33'),(6250,'I9','9','0','T35','3','1.33'),(6251,'I10','9','0','T35','3','1.33'),(6252,'I11','9','0','T35','3','1.33'),(6253,'I12','9','0','T35','3','1.33'),(6254,'I13','9','0','T35','3','1.33'),(6255,'I14','9','0','T35','3','1.33'),(6256,'I15','9','0','T35','3','1.33'),(6257,'I16','9','0','T35','3','1.33'),(6258,'I17','9','0','T35','3','1.33'),(6259,'I18','9','0','T35','3','1.33'),(6260,'I19','9','0','T35','3','1.33'),(6261,'I20','9','0','T35','3','1.33'),(6262,'J1','10','0','T35','3','1.33'),(6263,'J2','10','0','T35','3','1.33'),(6264,'J3','10','0','T35','3','1.33'),(6265,'J4','10','0','T35','3','1.33'),(6266,'J5','10','0','T35','3','1.33'),(6267,'J6','10','0','T35','3','1.33'),(6268,'J7','10','0','T35','3','1.33'),(6269,'J8','10','0','T35','3','1.33'),(6270,'J9','10','0','T35','3','1.33'),(6271,'J10','10','0','T35','3','1.33'),(6272,'J11','10','0','T35','3','1.33'),(6273,'J12','10','0','T35','3','1.33'),(6274,'J13','10','0','T35','3','1.33'),(6275,'J14','10','0','T35','3','1.33'),(6276,'J15','10','0','T35','3','1.33'),(6277,'J16','10','0','T35','3','1.33'),(6278,'J17','10','0','T35','3','1.33'),(6279,'J18','10','0','T35','3','1.33'),(6280,'J19','10','0','T35','3','1.33'),(6281,'J20','10','0','T35','3','1.33'),(6282,'K1','11','0','T35','3','1.33'),(6283,'K2','11','0','T35','3','1.33'),(6284,'K3','11','0','T35','3','1.33'),(6285,'K4','11','0','T35','3','1.33'),(6286,'K5','11','0','T35','3','1.33'),(6287,'K6','11','0','T35','3','1.33'),(6288,'K7','11','0','T35','3','1.33'),(6289,'K8','11','0','T35','3','1.33'),(6290,'K9','11','0','T35','3','1.33'),(6291,'K10','11','0','T35','3','1.33'),(6292,'K11','11','0','T35','3','1.33'),(6293,'K12','11','0','T35','3','1.33'),(6294,'K13','11','0','T35','3','1.33'),(6295,'K14','11','0','T35','3','1.33'),(6296,'K15','11','0','T35','3','1.33'),(6297,'K16','11','0','T35','3','1.33'),(6298,'K17','11','0','T35','3','1.33'),(6299,'K18','11','0','T35','3','1.33'),(6300,'K19','11','0','T35','3','1.33'),(6301,'K20','11','0','T35','3','1.33'),(6302,'L1','12','0','T35','3','1.33'),(6303,'L2','12','0','T35','3','1.33'),(6304,'L3','12','0','T35','3','1.33'),(6305,'L4','12','0','T35','3','1.33'),(6306,'L5','12','0','T35','3','1.33'),(6307,'L6','12','0','T35','3','1.33'),(6308,'L7','12','0','T35','3','1.33'),(6309,'L8','12','0','T35','3','1.33'),(6310,'L9','12','0','T35','3','1.33'),(6311,'L10','12','0','T35','3','1.33'),(6312,'L11','12','0','T35','3','1.33'),(6313,'L12','12','0','T35','3','1.33'),(6314,'L13','12','0','T35','3','1.33'),(6315,'L14','12','0','T35','3','1.33'),(6316,'L15','12','0','T35','3','1.33'),(6317,'L16','12','0','T35','3','1.33'),(6318,'L17','12','0','T35','3','1.33'),(6319,'L18','12','0','T35','3','1.33'),(6320,'L19','12','0','T35','3','1.33'),(6321,'L20','12','0','T35','3','1.33'),(6322,'M1','13','0','T35','3','1.33'),(6323,'M2','13','0','T35','3','1.33'),(6324,'M3','13','0','T35','3','1.33'),(6325,'M4','13','0','T35','3','1.33'),(6326,'M5','13','0','T35','3','1.33'),(6327,'M6','13','0','T35','3','1.33'),(6328,'M7','13','0','T35','3','1.33'),(6329,'M8','13','0','T35','3','1.33'),(6330,'M9','13','0','T35','3','1.33'),(6331,'M10','13','0','T35','3','1.33'),(6332,'M11','13','0','T35','3','1.33'),(6333,'M12','13','0','T35','3','1.33'),(6334,'M13','13','0','T35','3','1.33'),(6335,'M14','13','0','T35','3','1.33'),(6336,'M15','13','0','T35','3','1.33'),(6337,'M16','13','0','T35','3','1.33'),(6338,'M17','13','0','T35','3','1.33'),(6339,'M18','13','0','T35','3','1.33'),(6340,'M19','13','0','T35','3','1.33'),(6341,'M20','13','0','T35','3','1.33'),(6342,'N1','14','0','T35','3','1.33'),(6343,'N2','14','0','T35','3','1.33'),(6344,'N3','14','0','T35','3','1.33'),(6345,'N4','14','0','T35','3','1.33'),(6346,'N5','14','0','T35','3','1.33'),(6347,'N6','14','0','T35','3','1.33'),(6348,'N7','14','0','T35','3','1.33'),(6349,'N8','14','0','T35','3','1.33'),(6350,'N9','14','0','T35','3','1.33'),(6351,'N10','14','0','T35','3','1.33'),(6352,'N11','14','0','T35','3','1.33'),(6353,'N12','14','0','T35','3','1.33'),(6354,'N13','14','0','T35','3','1.33'),(6355,'N14','14','0','T35','3','1.33'),(6356,'N15','14','0','T35','3','1.33'),(6357,'N16','14','0','T35','3','1.33'),(6358,'N17','14','0','T35','3','1.33'),(6359,'N18','14','0','T35','3','1.33'),(6360,'N19','14','0','T35','3','1.33'),(6361,'N20','14','0','T35','3','1.33'),(6362,'O1','15','0','T35','3','1.33'),(6363,'O2','15','0','T35','3','1.33'),(6364,'O3','15','0','T35','3','1.33'),(6365,'O4','15','0','T35','3','1.33'),(6366,'O5','15','0','T35','3','1.33'),(6367,'O6','15','0','T35','3','1.33'),(6368,'O7','15','0','T35','3','1.33'),(6369,'O8','15','0','T35','3','1.33'),(6370,'O9','15','0','T35','3','1.33'),(6371,'O10','15','0','T35','3','1.33'),(6372,'O11','15','0','T35','3','1.33'),(6373,'O12','15','0','T35','3','1.33'),(6374,'O13','15','0','T35','3','1.33'),(6375,'O14','15','0','T35','3','1.33'),(6376,'O15','15','0','T35','3','1.33'),(6377,'O16','15','0','T35','3','1.33'),(6378,'O17','15','0','T35','3','1.33'),(6379,'O18','15','0','T35','3','1.33'),(6380,'O19','15','0','T35','3','1.33'),(6381,'O20','15','0','T35','3','1.33'),(6382,'P1','16','0','T35','3','1.33'),(6383,'P2','16','0','T35','3','1.33'),(6384,'P3','16','0','T35','3','1.33'),(6385,'P4','16','0','T35','3','1.33'),(6386,'P5','16','0','T35','3','1.33'),(6387,'P6','16','0','T35','3','1.33'),(6388,'P7','16','0','T35','3','1.33'),(6389,'P8','16','0','T35','3','1.33'),(6390,'P9','16','0','T35','3','1.33'),(6391,'P10','16','0','T35','3','1.33'),(6392,'P11','16','0','T35','3','1.33'),(6393,'P12','16','0','T35','3','1.33'),(6394,'P13','16','0','T35','3','1.33'),(6395,'P14','16','0','T35','3','1.33'),(6396,'P15','16','0','T35','3','1.33'),(6397,'P16','16','0','T35','3','1.33'),(6398,'P17','16','0','T35','3','1.33'),(6399,'P18','16','0','T35','3','1.33'),(6400,'P19','16','0','T35','3','1.33'),(6401,'P20','16','0','T35','3','1.33'),(6512,'A1','1','0','T39','3','1.33'),(6513,'A2','1','0','T39','3','1.33'),(6514,'A3','1','0','T39','3','1.33'),(6515,'A4','1','0','T39','3','1.33'),(6516,'A5','1','0','T39','3','1.33'),(6517,'A6','1','0','T39','3','1.33'),(6518,'A7','1','0','T39','3','1.33'),(6519,'B1','2','0','T39','3','1.33'),(6520,'B2','2','0','T39','3','1.33'),(6521,'B3','2','0','T39','3','1.33'),(6522,'B4','2','0','T39','3','1.33'),(6523,'B5','2','0','T39','3','1.33'),(6524,'B6','2','0','T39','3','1.33'),(6525,'B7','2','0','T39','3','1.33'),(6526,'C1','3','0','T39','3','1.33'),(6527,'C2','3','0','T39','3','1.33'),(6528,'C3','3','0','T39','3','1.33'),(6529,'C4','3','0','T39','3','1.33'),(6530,'C5','3','0','T39','3','1.33'),(6531,'C6','3','0','T39','3','1.33'),(6532,'C7','3','0','T39','3','1.33'),(6533,'D1','4','0','T39','3','1.33'),(6534,'D2','4','0','T39','3','1.33'),(6535,'D3','4','0','T39','3','1.33'),(6536,'D4','4','0','T39','3','1.33'),(6537,'D5','4','0','T39','3','1.33'),(6538,'D6','4','0','T39','3','1.33'),(6539,'D7','4','0','T39','3','1.33'),(6540,'E1','5','0','T39','3','1.33'),(6541,'E2','5','0','T39','3','1.33'),(6542,'E3','5','0','T39','3','1.33'),(6543,'E4','5','0','T39','3','1.33'),(6544,'E5','5','0','T39','3','1.33'),(6545,'E6','5','0','T39','3','1.33'),(6546,'E7','5','0','T39','3','1.33'),(6547,'F1','6','0','T39','3','1.33'),(6548,'F2','6','0','T39','3','1.33'),(6549,'F3','6','0','T39','3','1.33'),(6550,'F4','6','0','T39','3','1.33'),(6551,'F5','6','0','T39','3','1.33'),(6552,'F6','6','0','T39','3','1.33'),(6553,'F7','6','0','T39','3','1.33'),(6554,'A1','1','0','T40','3','1.33'),(6555,'A2','1','0','T40','3','1.33'),(6556,'A3','1','0','T40','3','1.33'),(6557,'A4','1','0','T40','3','1.33'),(6558,'A5','1','0','T40','3','1.33'),(6559,'A6','1','0','T40','3','1.33'),(6560,'A7','1','0','T40','3','1.33'),(6561,'B1','2','0','T40','3','1.33'),(6562,'B2','2','0','T40','3','1.33'),(6563,'B3','2','0','T40','3','1.33'),(6564,'B4','2','0','T40','3','1.33'),(6565,'B5','2','0','T40','3','1.33'),(6566,'B6','2','0','T40','3','1.33'),(6567,'B7','2','0','T40','3','1.33'),(6568,'C1','3','0','T40','3','1.33'),(6569,'C2','3','0','T40','3','1.33'),(6570,'C3','3','0','T40','3','1.33'),(6571,'C4','3','0','T40','3','1.33'),(6572,'C5','3','0','T40','3','1.33'),(6573,'C6','3','0','T40','3','1.33'),(6574,'C7','3','0','T40','3','1.33'),(6575,'D1','4','0','T40','3','1.33'),(6576,'D2','4','0','T40','3','1.33'),(6577,'D3','4','0','T40','3','1.33'),(6578,'D4','4','0','T40','3','1.33'),(6579,'D5','4','0','T40','3','1.33'),(6580,'D6','4','0','T40','3','1.33'),(6581,'D7','4','0','T40','3','1.33'),(6582,'E1','5','0','T40','3','1.33'),(6583,'E2','5','0','T40','3','1.33'),(6584,'E3','5','0','T40','3','1.33'),(6585,'E4','5','0','T40','3','1.33'),(6586,'E5','5','0','T40','3','1.33'),(6587,'E6','5','0','T40','3','1.33'),(6588,'E7','5','0','T40','3','1.33'),(6589,'F1','6','0','T40','3','1.33'),(6590,'F2','6','0','T40','3','1.33'),(6591,'F3','6','0','T40','3','1.33'),(6592,'F4','6','0','T40','3','1.33'),(6593,'F5','6','0','T40','3','1.33'),(6594,'F6','6','0','T40','3','1.33'),(6595,'F7','6','0','T40','3','1.33'),(6596,'A1','1','0','T41','3','1.33'),(6597,'A2','1','0','T41','3','1.33'),(6598,'A3','1','0','T41','3','1.33'),(6599,'A4','1','0','T41','3','1.33'),(6600,'A5','1','0','T41','3','1.33'),(6601,'A6','1','0','T41','3','1.33'),(6602,'A7','1','0','T41','3','1.33'),(6603,'B1','2','0','T41','3','1.33'),(6604,'B2','2','0','T41','3','1.33'),(6605,'B3','2','0','T41','3','1.33'),(6606,'B4','2','0','T41','3','1.33'),(6607,'B5','2','0','T41','3','1.33'),(6608,'B6','2','0','T41','3','1.33'),(6609,'B7','2','0','T41','3','1.33'),(6610,'C1','3','0','T41','3','1.33'),(6611,'C2','3','0','T41','3','1.33'),(6612,'C3','3','0','T41','3','1.33'),(6613,'C4','3','0','T41','3','1.33'),(6614,'C5','3','0','T41','3','1.33'),(6615,'C6','3','0','T41','3','1.33'),(6616,'C7','3','0','T41','3','1.33'),(6617,'D1','4','0','T41','3','1.33'),(6618,'D2','4','0','T41','3','1.33'),(6619,'D3','4','0','T41','3','1.33'),(6620,'D4','4','0','T41','3','1.33'),(6621,'D5','4','0','T41','3','1.33'),(6622,'D6','4','0','T41','3','1.33'),(6623,'D7','4','0','T41','3','1.33'),(6624,'E1','5','0','T41','3','1.33'),(6625,'E2','5','0','T41','3','1.33'),(6626,'E3','5','0','T41','3','1.33'),(6627,'E4','5','0','T41','3','1.33'),(6628,'E5','5','0','T41','3','1.33'),(6629,'E6','5','0','T41','3','1.33'),(6630,'E7','5','0','T41','3','1.33'),(6631,'F1','6','0','T41','3','1.33'),(6632,'F2','6','0','T41','3','1.33'),(6633,'F3','6','0','T41','3','1.33'),(6634,'F4','6','0','T41','3','1.33'),(6635,'F5','6','0','T41','3','1.33'),(6636,'F6','6','0','T41','3','1.33'),(6637,'F7','6','0','T41','3','1.33'),(6638,'A1','1','0','T42','3','1.33'),(6639,'A2','1','0','T42','3','1.33'),(6640,'A3','1','0','T42','3','1.33'),(6641,'A4','1','0','T42','3','1.33'),(6642,'A5','1','0','T42','3','1.33'),(6643,'A6','1','0','T42','3','1.33'),(6644,'B1','2','0','T42','3','1.33'),(6645,'B2','2','0','T42','3','1.33'),(6646,'B3','2','0','T42','3','1.33'),(6647,'B4','2','0','T42','3','1.33'),(6648,'B5','2','0','T42','3','1.33'),(6649,'B6','2','0','T42','3','1.33'),(6650,'C1','3','0','T42','3','1.33'),(6651,'C2','3','0','T42','3','1.33'),(6652,'C3','3','0','T42','3','1.33'),(6653,'C4','3','0','T42','3','1.33'),(6654,'C5','3','0','T42','3','1.33'),(6655,'C6','3','0','T42','3','1.33'),(6656,'D1','4','0','T42','3','1.33'),(6657,'D2','4','0','T42','3','1.33'),(6658,'D3','4','0','T42','3','1.33'),(6659,'D4','4','0','T42','3','1.33'),(6660,'D5','4','0','T42','3','1.33'),(6661,'D6','4','0','T42','3','1.33'),(6746,'A1','1','0','T45','3','1.33'),(6747,'A2','1','0','T45','3','1.33'),(6748,'A3','1','0','T45','3','1.33'),(6749,'A4','1','0','T45','3','1.33'),(6750,'A5','1','0','T45','3','1.33'),(6751,'A6','1','0','T45','3','1.33'),(6752,'B1','2','0','T45','3','1.33'),(6753,'B2','2','0','T45','3','1.33'),(6754,'B3','2','0','T45','3','1.33'),(6755,'B4','2','0','T45','3','1.33'),(6756,'B5','2','0','T45','3','1.33'),(6757,'B6','2','0','T45','3','1.33'),(6758,'C1','3','0','T45','3','1.33'),(6759,'C2','3','0','T45','3','1.33'),(6760,'C3','3','0','T45','3','1.33'),(6761,'C4','3','0','T45','3','1.33'),(6762,'C5','3','0','T45','3','1.33'),(6763,'C6','3','0','T45','3','1.33'),(6764,'D1','4','0','T45','3','1.33'),(6765,'D2','4','0','T45','3','1.33'),(6766,'D3','4','0','T45','3','1.33'),(6767,'D4','4','0','T45','3','1.33'),(6768,'D5','4','0','T45','3','1.33'),(6769,'D6','4','0','T45','3','1.33'),(6770,'E1','5','0','T45','3','1.33'),(6771,'E2','5','0','T45','3','1.33'),(6772,'E3','5','0','T45','3','1.33'),(6773,'E4','5','0','T45','3','1.33'),(6774,'E5','5','0','T45','3','1.33'),(6775,'E6','5','0','T45','3','1.33'),(6776,'F1','6','0','T45','3','1.33'),(6777,'F2','6','0','T45','3','1.33'),(6778,'F3','6','0','T45','3','1.33'),(6779,'F4','6','0','T45','3','1.33'),(6780,'F5','6','0','T45','3','1.33'),(6781,'F6','6','0','T45','3','1.33'),(6782,'G1','7','0','T45','3','1.33'),(6783,'G2','7','0','T45','3','1.33'),(6784,'G3','7','0','T45','3','1.33'),(6785,'G4','7','0','T45','3','1.33'),(6786,'G5','7','0','T45','3','1.33'),(6787,'G6','7','0','T45','3','1.33'),(6788,'A1','1','0','T46','3','1.33'),(6789,'A2','1','0','T46','3','1.33'),(6790,'A3','1','0','T46','3','1.33'),(6791,'A4','1','0','T46','3','1.33'),(6792,'A5','1','0','T46','3','1.33'),(6793,'A6','1','0','T46','3','1.33'),(6794,'B1','2','0','T46','3','1.33'),(6795,'B2','2','0','T46','3','1.33'),(6796,'B3','2','0','T46','3','1.33'),(6797,'B4','2','0','T46','3','1.33'),(6798,'B5','2','0','T46','3','1.33'),(6799,'B6','2','0','T46','3','1.33'),(6800,'C1','3','0','T46','3','1.33'),(6801,'C2','3','0','T46','3','1.33'),(6802,'C3','3','0','T46','3','1.33'),(6803,'C4','3','0','T46','3','1.33'),(6804,'C5','3','0','T46','3','1.33'),(6805,'C6','3','0','T46','3','1.33'),(6806,'D1','4','0','T46','3','1.33'),(6807,'D2','4','0','T46','3','1.33'),(6808,'D3','4','0','T46','3','1.33'),(6809,'D4','4','0','T46','3','1.33'),(6810,'D5','4','0','T46','3','1.33'),(6811,'D6','4','0','T46','3','1.33'),(6812,'E1','5','0','T46','3','1.33'),(6813,'E2','5','0','T46','3','1.33'),(6814,'E3','5','0','T46','3','1.33'),(6815,'E4','5','0','T46','3','1.33'),(6816,'E5','5','0','T46','3','1.33'),(6817,'E6','5','0','T46','3','1.33'),(6818,'F1','6','0','T46','3','1.33'),(6819,'F2','6','0','T46','3','1.33'),(6820,'F3','6','0','T46','3','1.33'),(6821,'F4','6','0','T46','3','1.33'),(6822,'F5','6','0','T46','3','1.33'),(6823,'F6','6','0','T46','3','1.33'),(6824,'G1','7','0','T46','3','1.33'),(6825,'G2','7','0','T46','3','1.33'),(6826,'G3','7','0','T46','3','1.33'),(6827,'G4','7','0','T46','3','1.33'),(6828,'G5','7','0','T46','3','1.33'),(6829,'G6','7','0','T46','3','1.33'),(6830,'A1','1','0','T47','3','1.33'),(6831,'A2','1','0','T47','3','1.33'),(6832,'A3','1','0','T47','3','1.33'),(6833,'A4','1','0','T47','3','1.33'),(6834,'A5','1','0','T47','3','1.33'),(6835,'A6','1','0','T47','3','1.33'),(6836,'B1','2','0','T47','3','1.33'),(6837,'B2','2','0','T47','3','1.33'),(6838,'B3','2','0','T47','3','1.33'),(6839,'B4','2','0','T47','3','1.33'),(6840,'B5','2','0','T47','3','1.33'),(6841,'B6','2','0','T47','3','1.33'),(6842,'C1','3','0','T47','3','1.33'),(6843,'C2','3','0','T47','3','1.33'),(6844,'C3','3','0','T47','3','1.33'),(6845,'C4','3','0','T47','3','1.33'),(6846,'C5','3','0','T47','3','1.33'),(6847,'C6','3','0','T47','3','1.33'),(6848,'D1','4','0','T47','3','1.33'),(6849,'D2','4','0','T47','3','1.33'),(6850,'D3','4','0','T47','3','1.33'),(6851,'D4','4','0','T47','3','1.33'),(6852,'D5','4','0','T47','3','1.33'),(6853,'D6','4','0','T47','3','1.33'),(6854,'E1','5','0','T47','3','1.33'),(6855,'E2','5','0','T47','3','1.33'),(6856,'E3','5','0','T47','3','1.33'),(6857,'E4','5','0','T47','3','1.33'),(6858,'E5','5','0','T47','3','1.33'),(6859,'E6','5','0','T47','3','1.33'),(6860,'F1','6','0','T47','3','1.33'),(6861,'F2','6','0','T47','3','1.33'),(6862,'F3','6','0','T47','3','1.33'),(6863,'F4','6','0','T47','3','1.33'),(6864,'F5','6','0','T47','3','1.33'),(6865,'F6','6','0','T47','3','1.33'),(6866,'G1','7','0','T47','3','1.33'),(6867,'G2','7','0','T47','3','1.33'),(6868,'G3','7','0','T47','3','1.33'),(6869,'G4','7','0','T47','3','1.33'),(6870,'G5','7','0','T47','3','1.33'),(6871,'G6','7','0','T47','3','1.33'),(6872,'A1','1','0','T48','3','1.33'),(6873,'A2','1','0','T48','3','1.33'),(6874,'A3','1','0','T48','3','1.33'),(6875,'A4','1','0','T48','3','1.33'),(6876,'A5','1','0','T48','3','1.33'),(6877,'A6','1','0','T48','3','1.33'),(6878,'B1','2','0','T48','3','1.33'),(6879,'B2','2','0','T48','3','1.33'),(6880,'B3','2','0','T48','3','1.33'),(6881,'B4','2','0','T48','3','1.33'),(6882,'B5','2','0','T48','3','1.33'),(6883,'B6','2','0','T48','3','1.33'),(6884,'C1','3','0','T48','3','1.33'),(6885,'C2','3','0','T48','3','1.33'),(6886,'C3','3','0','T48','3','1.33'),(6887,'C4','3','0','T48','3','1.33'),(6888,'C5','3','0','T48','3','1.33'),(6889,'C6','3','0','T48','3','1.33'),(6890,'D1','4','0','T48','3','1.33'),(6891,'D2','4','0','T48','3','1.33'),(6892,'D3','4','0','T48','3','1.33'),(6893,'D4','4','0','T48','3','1.33'),(6894,'D5','4','0','T48','3','1.33'),(6895,'D6','4','0','T48','3','1.33'),(6896,'E1','5','0','T48','3','1.33'),(6897,'E2','5','0','T48','3','1.33'),(6898,'E3','5','0','T48','3','1.33'),(6899,'E4','5','0','T48','3','1.33'),(6900,'E5','5','0','T48','3','1.33'),(6901,'E6','5','0','T48','3','1.33'),(6902,'F1','6','0','T48','3','1.33'),(6903,'F2','6','0','T48','3','1.33'),(6904,'F3','6','0','T48','3','1.33'),(6905,'F4','6','0','T48','3','1.33'),(6906,'F5','6','0','T48','3','1.33'),(6907,'F6','6','0','T48','3','1.33'),(6908,'G1','7','0','T48','3','1.33'),(6909,'G2','7','0','T48','3','1.33'),(6910,'G3','7','0','T48','3','1.33'),(6911,'G4','7','0','T48','3','1.33'),(6912,'G5','7','0','T48','3','1.33'),(6913,'G6','7','0','T48','3','1.33'),(8296,'A1','1','0','T49','3','1.33'),(8297,'A2','1','0','T49','3','1.33'),(8298,'A3','1','0','T49','3','1.33'),(8299,'A4','1','0','T49','3','1.33'),(8300,'A5','1','0','T49','3','1.33'),(8301,'B1','2','1','T49','3','1.33'),(8302,'B2','2','1','T49','3','1.33'),(8303,'B3','2','0','T49','3','1.33'),(8304,'B4','2','0','T49','3','1.33'),(8305,'B5','2','0','T49','3','1.33'),(8306,'C1','3','0','T49','3','1.33'),(8307,'C2','3','0','T49','3','1.33'),(8308,'C3','3','0','T49','3','1.33'),(8309,'C4','3','0','T49','3','1.33'),(8310,'C5','3','0','T49','3','1.33'),(8311,'D1','4','0','T49','3','1.33'),(8312,'D2','4','0','T49','3','1.33'),(8313,'D3','4','0','T49','3','1.33'),(8314,'D4','4','0','T49','3','1.33'),(8315,'D5','4','0','T49','3','1.33'),(8316,'E1','5','0','T49','3','1.33'),(8317,'E2','5','0','T49','3','1.33'),(8318,'E3','5','0','T49','3','1.33'),(8319,'E4','5','0','T49','3','1.33'),(8320,'E5','5','0','T49','3','1.33'),(8321,'F1','6','0','T49','3','1.33'),(8322,'F2','6','0','T49','3','1.33'),(8323,'F3','6','0','T49','3','1.33'),(8324,'F4','6','0','T49','3','1.33'),(8325,'F5','6','0','T49','3','1.33'),(8326,'G1','7','0','T49','3','1.33'),(8327,'G2','7','0','T49','3','1.33'),(8328,'G3','7','0','T49','3','1.33'),(8329,'G4','7','0','T49','3','1.33'),(8330,'G5','7','0','T49','3','1.33'),(8331,'H1','8','0','T49','3','1.33'),(8332,'H2','8','0','T49','3','1.33'),(8333,'H3','8','0','T49','3','1.33'),(8334,'H4','8','0','T49','3','1.33'),(8335,'H5','8','0','T49','3','1.33'),(8336,'A1','1','0','T50','3','1.33'),(8337,'A2','1','0','T50','3','1.33'),(8338,'A3','1','0','T50','3','1.33'),(8339,'A4','1','0','T50','3','1.33'),(8340,'A5','1','0','T50','3','1.33'),(8341,'A6','1','0','T50','3','1.33'),(8342,'A7','1','0','T50','3','1.33'),(8343,'B1','2','0','T50','3','1.33'),(8344,'B2','2','0','T50','3','1.33'),(8345,'B3','2','0','T50','3','1.33'),(8346,'B4','2','0','T50','3','1.33'),(8347,'B5','2','0','T50','3','1.33'),(8348,'B6','2','0','T50','3','1.33'),(8349,'B7','2','0','T50','3','1.33'),(8350,'C1','3','0','T50','3','1.33'),(8351,'C2','3','0','T50','3','1.33'),(8352,'C3','3','0','T50','3','1.33'),(8353,'C4','3','0','T50','3','1.33'),(8354,'C5','3','0','T50','3','1.33'),(8355,'C6','3','0','T50','3','1.33'),(8356,'C7','3','0','T50','3','1.33'),(8357,'D1','4','0','T50','3','1.33'),(8358,'D2','4','0','T50','3','1.33'),(8359,'D3','4','0','T50','3','1.33'),(8360,'D4','4','0','T50','3','1.33'),(8361,'D5','4','0','T50','3','1.33'),(8362,'D6','4','0','T50','3','1.33'),(8363,'D7','4','0','T50','3','1.33'),(8364,'E1','5','0','T50','3','1.33'),(8365,'E2','5','0','T50','3','1.33'),(8366,'E3','5','0','T50','3','1.33'),(8367,'E4','5','0','T50','3','1.33'),(8368,'E5','5','0','T50','3','1.33'),(8369,'E6','5','0','T50','3','1.33'),(8370,'E7','5','0','T50','3','1.33'),(8371,'F1','6','0','T50','3','1.33'),(8372,'F2','6','0','T50','3','1.33'),(8373,'F3','6','0','T50','3','1.33'),(8374,'F4','6','0','T50','3','1.33'),(8375,'F5','6','0','T50','3','1.33'),(8376,'F6','6','0','T50','3','1.33'),(8377,'F7','6','0','T50','3','1.33'),(8378,'G1','7','0','T50','3','1.33'),(8379,'G2','7','0','T50','3','1.33'),(8380,'G3','7','0','T50','3','1.33'),(8381,'G4','7','0','T50','3','1.33'),(8382,'G5','7','0','T50','3','1.33'),(8383,'G6','7','0','T50','3','1.33'),(8384,'G7','7','0','T50','3','1.33'),(8385,'H1','8','0','T50','3','1.33'),(8386,'H2','8','0','T50','3','1.33'),(8387,'H3','8','0','T50','3','1.33'),(8388,'H4','8','0','T50','3','1.33'),(8389,'H5','8','0','T50','3','1.33'),(8390,'H6','8','0','T50','3','1.33'),(8391,'H7','8','0','T50','3','1.33'),(8392,'I1','9','0','T50','3','1.33'),(8393,'I2','9','0','T50','3','1.33'),(8394,'I3','9','0','T50','3','1.33'),(8395,'I4','9','0','T50','3','1.33'),(8396,'I5','9','0','T50','3','1.33'),(8397,'I6','9','0','T50','3','1.33'),(8398,'I7','9','0','T50','3','1.33'),(8399,'J1','10','0','T50','3','1.33'),(8400,'J2','10','0','T50','3','1.33'),(8401,'J3','10','0','T50','3','1.33'),(8402,'J4','10','0','T50','3','1.33'),(8403,'J5','10','0','T50','3','1.33'),(8404,'J6','10','0','T50','3','1.33'),(8405,'J7','10','0','T50','3','1.33'),(8406,'K1','11','0','T50','3','1.33'),(8407,'K2','11','0','T50','3','1.33'),(8408,'K3','11','0','T50','3','1.33'),(8409,'K4','11','0','T50','3','1.33'),(8410,'K5','11','0','T50','3','1.33'),(8411,'K6','11','0','T50','3','1.33'),(8412,'K7','11','0','T50','3','1.33'),(8413,'A1','1','0','T51','3','1.33'),(8414,'A2','1','0','T51','3','1.33'),(8415,'A3','1','0','T51','3','1.33'),(8416,'A4','1','0','T51','3','1.33'),(8417,'A5','1','0','T51','3','1.33'),(8418,'B1','2','0','T51','3','1.33'),(8419,'B2','2','0','T51','3','1.33'),(8420,'B3','2','0','T51','3','1.33'),(8421,'B4','2','0','T51','3','1.33'),(8422,'B5','2','0','T51','3','1.33'),(8423,'C1','3','0','T51','3','1.33'),(8424,'C2','3','0','T51','3','1.33'),(8425,'C3','3','0','T51','3','1.33'),(8426,'C4','3','0','T51','3','1.33'),(8427,'C5','3','0','T51','3','1.33'),(8428,'D1','4','0','T51','3','1.33'),(8429,'D2','4','0','T51','3','1.33'),(8430,'D3','4','0','T51','3','1.33'),(8431,'D4','4','0','T51','3','1.33'),(8432,'D5','4','0','T51','3','1.33'),(8433,'E1','5','0','T51','3','1.33'),(8434,'E2','5','0','T51','3','1.33'),(8435,'E3','5','0','T51','3','1.33'),(8436,'E4','5','0','T51','3','1.33'),(8437,'E5','5','0','T51','3','1.33'),(8438,'F1','6','0','T51','3','1.33'),(8439,'F2','6','0','T51','3','1.33'),(8440,'F3','6','0','T51','3','1.33'),(8441,'F4','6','0','T51','3','1.33'),(8442,'F5','6','0','T51','3','1.33'),(8443,'G1','7','0','T51','3','1.33'),(8444,'G2','7','0','T51','3','1.33'),(8445,'G3','7','0','T51','3','1.33'),(8446,'G4','7','0','T51','3','1.33'),(8447,'G5','7','0','T51','3','1.33'),(8448,'H1','8','0','T51','3','1.33'),(8449,'H2','8','0','T51','3','1.33'),(8450,'H3','8','0','T51','3','1.33'),(8451,'H4','8','0','T51','3','1.33'),(8452,'H5','8','0','T51','3','1.33'),(10308,'A1','1','0','T52','3','1.33'),(10309,'A2','1','0','T52','3','1.33'),(10310,'A3','1','0','T52','3','1.33'),(10311,'A4','1','0','T52','3','1.33'),(10312,'A5','1','0','T52','3','1.33'),(10313,'B1','2','0','T52','3','1.33'),(10314,'B2','2','0','T52','3','1.33'),(10315,'B3','2','0','T52','3','1.33'),(10316,'B4','2','0','T52','3','1.33'),(10317,'B5','2','0','T52','3','1.33'),(10318,'C1','3','0','T52','3','1.33'),(10319,'C2','3','0','T52','3','1.33'),(10320,'C3','3','0','T52','3','1.33'),(10321,'C4','3','0','T52','3','1.33'),(10322,'C5','3','0','T52','3','1.33'),(10323,'D1','4','0','T52','3','1.33'),(10324,'D2','4','0','T52','3','1.33'),(10325,'D3','4','0','T52','3','1.33'),(10326,'D4','4','0','T52','3','1.33'),(10327,'D5','4','0','T52','3','1.33'),(10328,'E1','5','0','T52','3','1.33'),(10329,'E2','5','0','T52','3','1.33'),(10330,'E3','5','0','T52','3','1.33'),(10331,'E4','5','0','T52','3','1.33'),(10332,'E5','5','0','T52','3','1.33'),(10333,'F1','6','0','T52','3','1.33'),(10334,'F2','6','0','T52','3','1.33'),(10335,'F3','6','0','T52','3','1.33'),(10336,'F4','6','0','T52','3','1.33'),(10337,'F5','6','0','T52','3','1.33'),(10338,'A1','1','0','T53','3','1.33'),(10339,'A2','1','0','T53','3','1.33'),(10340,'A3','1','0','T53','3','1.33'),(10341,'A4','1','0','T53','3','1.33'),(10342,'A5','1','0','T53','3','1.33'),(10343,'B1','2','0','T53','3','1.33'),(10344,'B2','2','0','T53','3','1.33'),(10345,'B3','2','0','T53','3','1.33'),(10346,'B4','2','0','T53','3','1.33'),(10347,'B5','2','0','T53','3','1.33'),(10348,'C1','3','0','T53','3','1.33'),(10349,'C2','3','0','T53','3','1.33'),(10350,'C3','3','0','T53','3','1.33'),(10351,'C4','3','0','T53','3','1.33'),(10352,'C5','3','0','T53','3','1.33'),(10353,'D1','4','0','T53','3','1.33'),(10354,'D2','4','0','T53','3','1.33'),(10355,'D3','4','0','T53','3','1.33'),(10356,'D4','4','0','T53','3','1.33'),(10357,'D5','4','0','T53','3','1.33'),(10358,'E1','5','0','T53','3','1.33'),(10359,'E2','5','0','T53','3','1.33'),(10360,'E3','5','0','T53','3','1.33'),(10361,'E4','5','0','T53','3','1.33'),(10362,'E5','5','0','T53','3','1.33'),(10363,'F1','6','0','T53','3','1.33'),(10364,'F2','6','0','T53','3','1.33'),(10365,'F3','6','0','T53','3','1.33'),(10366,'F4','6','0','T53','3','1.33'),(10367,'F5','6','0','T53','3','1.33'),(10368,'A1','1','0','T54','3','1.33'),(10369,'A2','1','0','T54','3','1.33'),(10370,'A3','1','0','T54','3','1.33'),(10371,'A4','1','0','T54','3','1.33'),(10372,'A5','1','0','T54','3','1.33'),(10373,'B1','2','0','T54','3','1.33'),(10374,'B2','2','0','T54','3','1.33'),(10375,'B3','2','0','T54','3','1.33'),(10376,'B4','2','0','T54','3','1.33'),(10377,'B5','2','0','T54','3','1.33'),(10378,'C1','3','0','T54','3','1.33'),(10379,'C2','3','0','T54','3','1.33'),(10380,'C3','3','1','T54','3','1.33'),(10381,'C4','3','1','T54','3','1.33'),(10382,'C5','3','0','T54','3','1.33'),(10383,'D1','4','0','T54','3','1.33'),(10384,'D2','4','0','T54','3','1.33'),(10385,'D3','4','0','T54','3','1.33'),(10386,'D4','4','0','T54','3','1.33'),(10387,'D5','4','0','T54','3','1.33'),(10388,'E1','5','0','T54','3','1.33'),(10389,'E2','5','0','T54','3','1.33'),(10390,'E3','5','0','T54','3','1.33'),(10391,'E4','5','0','T54','3','1.33'),(10392,'E5','5','0','T54','3','1.33'),(10393,'F1','6','0','T54','3','1.33'),(10394,'F2','6','0','T54','3','1.33'),(10395,'F3','6','0','T54','3','1.33'),(10396,'F4','6','0','T54','3','1.33'),(10397,'F5','6','0','T54','3','1.33'),(10398,'G1','7','0','T54','3','1.33'),(10399,'G2','7','0','T54','3','1.33'),(10400,'G3','7','0','T54','3','1.33'),(10401,'G4','7','0','T54','3','1.33'),(10402,'G5','7','0','T54','3','1.33'),(10445,'A1','1','0','T57','3','1.33'),(10446,'A2','1','0','T57','3','1.33'),(10447,'A3','1','0','T57','3','1.33'),(10448,'A4','1','0','T57','3','1.33'),(10449,'A5','1','0','T57','3','1.33'),(10450,'A6','1','0','T57','3','1.33'),(10451,'B1','2','0','T57','3','1.33'),(10452,'B2','2','0','T57','3','1.33'),(10453,'B3','2','0','T57','3','1.33'),(10454,'B4','2','0','T57','3','1.33'),(10455,'B5','2','0','T57','3','1.33'),(10456,'B6','2','0','T57','3','1.33'),(10457,'C1','3','0','T57','3','1.33'),(10458,'C2','3','0','T57','3','1.33'),(10459,'C3','3','0','T57','3','1.33'),(10460,'C4','3','0','T57','3','1.33'),(10461,'C5','3','0','T57','3','1.33'),(10462,'C6','3','0','T57','3','1.33'),(10463,'D1','4','0','T57','3','1.33'),(10464,'D2','4','0','T57','3','1.33'),(10465,'D3','4','0','T57','3','1.33'),(10466,'D4','4','0','T57','3','1.33'),(10467,'D5','4','0','T57','3','1.33'),(10468,'D6','4','0','T57','3','1.33'),(10469,'E1','5','0','T57','3','1.33'),(10470,'E2','5','0','T57','3','1.33'),(10471,'E3','5','0','T57','3','1.33'),(10472,'E4','5','0','T57','3','1.33'),(10473,'E5','5','0','T57','3','1.33'),(10474,'E6','5','0','T57','3','1.33'),(10475,'F1','6','0','T57','3','1.33'),(10476,'F2','6','0','T57','3','1.33'),(10477,'F3','6','0','T57','3','1.33'),(10478,'F4','6','0','T57','3','1.33'),(10479,'F5','6','0','T57','3','1.33'),(10480,'F6','6','0','T57','3','1.33'),(10551,'A1','1','0','T58','3','1.33'),(10552,'A2','1','0','T58','3','1.33'),(10553,'A3','1','0','T58','3','1.33'),(10554,'A4','1','0','T58','3','1.33'),(10555,'A5','1','0','T58','3','1.33'),(10556,'A6','1','0','T58','3','1.33'),(10557,'B1','2','0','T58','3','1.33'),(10558,'B2','2','0','T58','3','1.33'),(10559,'B3','2','0','T58','3','1.33'),(10560,'B4','2','0','T58','3','1.33'),(10561,'B5','2','0','T58','3','1.33'),(10562,'B6','2','0','T58','3','1.33'),(10563,'C1','3','0','T58','3','1.33'),(10564,'C2','3','0','T58','3','1.33'),(10565,'C3','3','0','T58','3','1.33'),(10566,'C4','3','0','T58','3','1.33'),(10567,'C5','3','0','T58','3','1.33'),(10568,'C6','3','0','T58','3','1.33'),(10569,'D1','4','0','T58','3','1.33'),(10570,'D2','4','0','T58','3','1.33'),(10571,'D3','4','0','T58','3','1.33'),(10572,'D4','4','0','T58','3','1.33'),(10573,'D5','4','0','T58','3','1.33'),(10574,'D6','4','0','T58','3','1.33'),(10575,'E1','5','0','T58','3','1.33'),(10576,'E2','5','0','T58','3','1.33'),(10577,'E3','5','0','T58','3','1.33'),(10578,'E4','5','0','T58','3','1.33'),(10579,'E5','5','0','T58','3','1.33'),(10580,'E6','5','0','T58','3','1.33'),(10581,'F1','6','0','T58','3','1.33'),(10582,'F2','6','0','T58','3','1.33'),(10583,'F3','6','0','T58','3','1.33'),(10584,'F4','6','0','T58','3','1.33'),(10585,'F5','6','0','T58','3','1.33'),(10586,'F6','6','0','T58','3','1.33'),(10587,'G1','7','0','T58','3','1.33'),(10588,'G2','7','0','T58','3','1.33'),(10589,'G3','7','0','T58','3','1.33'),(10590,'G4','7','0','T58','3','1.33'),(10591,'G5','7','0','T58','3','1.33'),(10592,'G6','7','0','T58','3','1.33'),(10647,'A1','1','0','T59','3','1.33'),(10648,'A2','1','0','T59','3','1.33'),(10649,'A3','1','0','T59','3','1.33'),(10650,'A4','1','0','T59','3','1.33'),(10651,'A5','1','0','T59','3','1.33'),(10652,'A6','1','0','T59','3','1.33'),(10653,'B1','2','0','T59','3','1.33'),(10654,'B2','2','0','T59','3','1.33'),(10655,'B3','2','0','T59','3','1.33'),(10656,'B4','2','0','T59','3','1.33'),(10657,'B5','2','0','T59','3','1.33'),(10658,'B6','2','0','T59','3','1.33'),(10659,'C1','3','0','T59','3','1.33'),(10660,'C2','3','0','T59','3','1.33'),(10661,'C3','3','0','T59','3','1.33'),(10662,'C4','3','0','T59','3','1.33'),(10663,'C5','3','0','T59','3','1.33'),(10664,'C6','3','0','T59','3','1.33'),(10665,'D1','4','0','T59','3','1.33'),(10666,'D2','4','0','T59','3','1.33'),(10667,'D3','4','0','T59','3','1.33'),(10668,'D4','4','0','T59','3','1.33'),(10669,'D5','4','0','T59','3','1.33'),(10670,'D6','4','0','T59','3','1.33'),(10671,'E1','5','0','T59','3','1.33'),(10672,'E2','5','0','T59','3','1.33'),(10673,'E3','5','0','T59','3','1.33'),(10674,'E4','5','0','T59','3','1.33'),(10675,'E5','5','0','T59','3','1.33'),(10676,'E6','5','0','T59','3','1.33'),(10677,'F1','6','0','T59','3','1.33'),(10678,'F2','6','0','T59','3','1.33'),(10679,'F3','6','0','T59','3','1.33'),(10680,'F4','6','0','T59','3','1.33'),(10681,'F5','6','0','T59','3','1.33'),(10682,'F6','6','0','T59','3','1.33'),(10683,'G1','7','0','T59','3','1.33'),(10684,'G2','7','0','T59','3','1.33'),(10685,'G3','7','0','T59','3','1.33'),(10686,'G4','7','0','T59','3','1.33'),(10687,'G5','7','0','T59','3','1.33'),(10688,'G6','7','0','T59','3','1.33'),(10689,'A1','1','0','T60','3','1.33'),(10690,'A2','1','0','T60','3','1.33'),(10691,'A3','1','0','T60','3','1.33'),(10692,'A4','1','0','T60','3','1.33'),(10693,'A5','1','0','T60','3','1.33'),(10694,'A6','1','0','T60','3','1.33'),(10695,'B1','2','0','T60','3','1.33'),(10696,'B2','2','0','T60','3','1.33'),(10697,'B3','2','0','T60','3','1.33'),(10698,'B4','2','0','T60','3','1.33'),(10699,'B5','2','0','T60','3','1.33'),(10700,'B6','2','0','T60','3','1.33'),(10701,'C1','3','0','T60','3','1.33'),(10702,'C2','3','0','T60','3','1.33'),(10703,'C3','3','0','T60','3','1.33'),(10704,'C4','3','0','T60','3','1.33'),(10705,'C5','3','0','T60','3','1.33'),(10706,'C6','3','0','T60','3','1.33'),(10707,'D1','4','0','T60','3','1.33'),(10708,'D2','4','0','T60','3','1.33'),(10709,'D3','4','0','T60','3','1.33'),(10710,'D4','4','0','T60','3','1.33'),(10711,'D5','4','0','T60','3','1.33'),(10712,'D6','4','0','T60','3','1.33'),(10713,'E1','5','0','T60','3','1.33'),(10714,'E2','5','0','T60','3','1.33'),(10715,'E3','5','0','T60','3','1.33'),(10716,'E4','5','0','T60','3','1.33'),(10717,'E5','5','0','T60','3','1.33'),(10718,'E6','5','0','T60','3','1.33'),(10719,'F1','6','0','T60','3','1.33'),(10720,'F2','6','0','T60','3','1.33'),(10721,'F3','6','0','T60','3','1.33'),(10722,'F4','6','0','T60','3','1.33'),(10723,'F5','6','0','T60','3','1.33'),(10724,'F6','6','0','T60','3','1.33'),(10725,'G1','7','0','T60','3','1.33'),(10726,'G2','7','0','T60','3','1.33'),(10727,'G3','7','0','T60','3','1.33'),(10728,'G4','7','0','T60','3','1.33'),(10729,'G5','7','0','T60','3','1.33'),(10730,'G6','7','0','T60','3','1.33'),(10731,'A1','1','0','T61','3','1.33'),(10732,'A2','1','0','T61','3','1.33'),(10733,'A3','1','0','T61','3','1.33'),(10734,'A4','1','0','T61','3','1.33'),(10735,'A5','1','0','T61','3','1.33'),(10736,'B1','2','0','T61','3','1.33'),(10737,'B2','2','0','T61','3','1.33'),(10738,'B3','2','0','T61','3','1.33'),(10739,'B4','2','0','T61','3','1.33'),(10740,'B5','2','0','T61','3','1.33'),(10741,'C1','3','0','T61','3','1.33'),(10742,'C2','3','0','T61','3','1.33'),(10743,'C3','3','0','T61','3','1.33'),(10744,'C4','3','0','T61','3','1.33'),(10745,'C5','3','0','T61','3','1.33'),(10746,'D1','4','0','T61','3','1.33'),(10747,'D2','4','0','T61','3','1.33'),(10748,'D3','4','0','T61','3','1.33'),(10749,'D4','4','0','T61','3','1.33'),(10750,'D5','4','0','T61','3','1.33'),(10751,'E1','5','0','T61','3','1.33'),(10752,'E2','5','0','T61','3','1.33'),(10753,'E3','5','0','T61','3','1.33'),(10754,'E4','5','0','T61','3','1.33'),(10755,'E5','5','0','T61','3','1.33'),(10756,'F1','6','0','T61','3','1.33'),(10757,'F2','6','0','T61','3','1.33'),(10758,'F3','6','0','T61','3','1.33'),(10759,'F4','6','0','T61','3','1.33'),(10760,'F5','6','0','T61','3','1.33'),(10761,'A1','1','0','T62','3','1.33'),(10762,'A2','1','0','T62','3','1.33'),(10763,'A3','1','0','T62','3','1.33'),(10764,'A4','1','0','T62','3','1.33'),(10765,'A5','1','0','T62','3','1.33'),(10766,'A6','1','0','T62','3','1.33'),(10767,'B1','2','0','T62','3','1.33'),(10768,'B2','2','0','T62','3','1.33'),(10769,'B3','2','0','T62','3','1.33'),(10770,'B4','2','0','T62','3','1.33'),(10771,'B5','2','0','T62','3','1.33'),(10772,'B6','2','0','T62','3','1.33'),(10773,'C1','3','0','T62','3','1.33'),(10774,'C2','3','0','T62','3','1.33'),(10775,'C3','3','0','T62','3','1.33'),(10776,'C4','3','0','T62','3','1.33'),(10777,'C5','3','0','T62','3','1.33'),(10778,'C6','3','0','T62','3','1.33'),(10779,'D1','4','0','T62','3','1.33'),(10780,'D2','4','0','T62','3','1.33'),(10781,'D3','4','0','T62','3','1.33'),(10782,'D4','4','0','T62','3','1.33'),(10783,'D5','4','0','T62','3','1.33'),(10784,'D6','4','0','T62','3','1.33'),(10785,'E1','5','0','T62','3','1.33'),(10786,'E2','5','0','T62','3','1.33'),(10787,'E3','5','0','T62','3','1.33'),(10788,'E4','5','0','T62','3','1.33'),(10789,'E5','5','0','T62','3','1.33'),(10790,'E6','5','0','T62','3','1.33'),(10791,'F1','6','0','T62','3','1.33'),(10792,'F2','6','0','T62','3','1.33'),(10793,'F3','6','0','T62','3','1.33'),(10794,'F4','6','0','T62','3','1.33'),(10795,'F5','6','0','T62','3','1.33'),(10796,'F6','6','0','T62','3','1.33'),(10797,'G1','7','0','T62','3','1.33'),(10798,'G2','7','0','T62','3','1.33'),(10799,'G3','7','0','T62','3','1.33'),(10800,'G4','7','0','T62','3','1.33'),(10801,'G5','7','0','T62','3','1.33'),(10802,'G6','7','0','T62','3','1.33'),(10845,'A1','1','0','T63','3','1.33'),(10846,'A2','1','0','T63','3','1.33'),(10847,'A3','1','0','T63','3','1.33'),(10848,'A4','1','0','T63','3','1.33'),(10849,'A5','1','0','T63','3','1.33'),(10850,'A6','1','0','T63','3','1.33'),(10851,'B1','2','0','T63','3','1.33'),(10852,'B2','2','0','T63','3','1.33'),(10853,'B3','2','0','T63','3','1.33'),(10854,'B4','2','0','T63','3','1.33'),(10855,'B5','2','0','T63','3','1.33'),(10856,'B6','2','0','T63','3','1.33'),(10857,'C1','3','0','T63','3','1.33'),(10858,'C2','3','0','T63','3','1.33'),(10859,'C3','3','0','T63','3','1.33'),(10860,'C4','3','0','T63','3','1.33'),(10861,'C5','3','0','T63','3','1.33'),(10862,'C6','3','0','T63','3','1.33'),(10863,'D1','4','0','T63','3','1.33'),(10864,'D2','4','0','T63','3','1.33'),(10865,'D3','4','0','T63','3','1.33'),(10866,'D4','4','0','T63','3','1.33'),(10867,'D5','4','0','T63','3','1.33'),(10868,'D6','4','0','T63','3','1.33'),(10869,'E1','5','0','T63','3','1.33'),(10870,'E2','5','0','T63','3','1.33'),(10871,'E3','5','0','T63','3','1.33'),(10872,'E4','5','0','T63','3','1.33'),(10873,'E5','5','0','T63','3','1.33'),(10874,'E6','5','0','T63','3','1.33'),(10875,'F1','6','0','T63','3','1.33'),(10876,'F2','6','0','T63','3','1.33'),(10877,'F3','6','0','T63','3','1.33'),(10878,'F4','6','0','T63','3','1.33'),(10879,'F5','6','0','T63','3','1.33'),(10880,'F6','6','0','T63','3','1.33'),(10881,'G1','7','0','T63','3','1.33'),(10882,'G2','7','0','T63','3','1.33'),(10883,'G3','7','0','T63','3','1.33'),(10884,'G4','7','0','T63','3','1.33'),(10885,'G5','7','0','T63','3','1.33'),(10886,'G6','7','0','T63','3','1.33'),(10887,'A1','1','0','T64','3','1.33'),(10888,'A2','1','0','T64','3','1.33'),(10889,'A3','1','0','T64','3','1.33'),(10890,'A4','1','0','T64','3','1.33'),(10891,'A5','1','0','T64','3','1.33'),(10892,'A6','1','0','T64','3','1.33'),(10893,'B1','2','0','T64','3','1.33'),(10894,'B2','2','0','T64','3','1.33'),(10895,'B3','2','0','T64','3','1.33'),(10896,'B4','2','0','T64','3','1.33'),(10897,'B5','2','0','T64','3','1.33'),(10898,'B6','2','0','T64','3','1.33'),(10899,'C1','3','0','T64','3','1.33'),(10900,'C2','3','0','T64','3','1.33'),(10901,'C3','3','0','T64','3','1.33'),(10902,'C4','3','0','T64','3','1.33'),(10903,'C5','3','0','T64','3','1.33'),(10904,'C6','3','0','T64','3','1.33'),(10905,'D1','4','0','T64','3','1.33'),(10906,'D2','4','0','T64','3','1.33'),(10907,'D3','4','0','T64','3','1.33'),(10908,'D4','4','0','T64','3','1.33'),(10909,'D5','4','0','T64','3','1.33'),(10910,'D6','4','0','T64','3','1.33'),(10911,'E1','5','0','T64','3','1.33'),(10912,'E2','5','0','T64','3','1.33'),(10913,'E3','5','0','T64','3','1.33'),(10914,'E4','5','0','T64','3','1.33'),(10915,'E5','5','0','T64','3','1.33'),(10916,'E6','5','0','T64','3','1.33'),(10917,'F1','6','0','T64','3','1.33'),(10918,'F2','6','0','T64','3','1.33'),(10919,'F3','6','0','T64','3','1.33'),(10920,'F4','6','0','T64','3','1.33'),(10921,'F5','6','0','T64','3','1.33'),(10922,'F6','6','0','T64','3','1.33'),(10923,'G1','7','1','T64','3','1.33'),(10924,'G2','7','1','T64','3','1.33'),(10925,'G3','7','0','T64','3','1.33'),(10926,'G4','7','0','T64','3','1.33'),(10927,'G5','7','0','T64','3','1.33'),(10928,'G6','7','0','T64','3','1.33'),(10929,'A1','1','0','T65','3','1.33'),(10930,'A2','1','0','T65','3','1.33'),(10931,'A3','1','0','T65','3','1.33'),(10932,'A4','1','0','T65','3','1.33'),(10933,'A5','1','0','T65','3','1.33'),(10934,'A6','1','0','T65','3','1.33'),(10935,'A7','1','0','T65','3','1.33'),(10936,'B1','2','0','T65','3','1.33'),(10937,'B2','2','0','T65','3','1.33'),(10938,'B3','2','0','T65','3','1.33'),(10939,'B4','2','0','T65','3','1.33'),(10940,'B5','2','0','T65','3','1.33'),(10941,'B6','2','0','T65','3','1.33'),(10942,'B7','2','0','T65','3','1.33'),(10943,'C1','3','0','T65','3','1.33'),(10944,'C2','3','0','T65','3','1.33'),(10945,'C3','3','0','T65','3','1.33'),(10946,'C4','3','0','T65','3','1.33'),(10947,'C5','3','0','T65','3','1.33'),(10948,'C6','3','0','T65','3','1.33'),(10949,'C7','3','0','T65','3','1.33'),(10950,'D1','4','0','T65','3','1.33'),(10951,'D2','4','0','T65','3','1.33'),(10952,'D3','4','0','T65','3','1.33'),(10953,'D4','4','0','T65','3','1.33'),(10954,'D5','4','0','T65','3','1.33'),(10955,'D6','4','0','T65','3','1.33'),(10956,'D7','4','0','T65','3','1.33'),(10957,'E1','5','0','T65','3','1.33'),(10958,'E2','5','0','T65','3','1.33'),(10959,'E3','5','0','T65','3','1.33'),(10960,'E4','5','0','T65','3','1.33'),(10961,'E5','5','0','T65','3','1.33'),(10962,'E6','5','0','T65','3','1.33'),(10963,'E7','5','0','T65','3','1.33'),(10964,'F1','6','0','T65','3','1.33'),(10965,'F2','6','0','T65','3','1.33'),(10966,'F3','6','0','T65','3','1.33'),(10967,'F4','6','0','T65','3','1.33'),(10968,'F5','6','0','T65','3','1.33'),(10969,'F6','6','0','T65','3','1.33'),(10970,'F7','6','0','T65','3','1.33'),(10971,'G1','7','0','T65','3','1.33'),(10972,'G2','7','0','T65','3','1.33'),(10973,'G3','7','0','T65','3','1.33'),(10974,'G4','7','0','T65','3','1.33'),(10975,'G5','7','0','T65','3','1.33'),(10976,'G6','7','0','T65','3','1.33'),(10977,'G7','7','0','T65','3','1.33');
/*!40000 ALTER TABLE `Seats` ENABLE KEYS */;
UNLOCK TABLES;

--
-- Temporary view structure for view `seats_per_screen_on_venue`
--

DROP TABLE IF EXISTS `seats_per_screen_on_venue`;
/*!50001 DROP VIEW IF EXISTS `seats_per_screen_on_venue`*/;
SET @saved_cs_client     = @@character_set_client;
/*!50503 SET character_set_client = utf8mb4 */;
/*!50001 CREATE VIEW `seats_per_screen_on_venue` AS SELECT 
 1 AS `movieId`,
 1 AS `movie`,
 1 AS `venue`,
 1 AS `secreenId`,
 1 AS `date`,
 1 AS `seatId`,
 1 AS `seatNumber`*/;
SET character_set_client = @saved_cs_client;

--
-- Table structure for table `Ticket`
--

DROP TABLE IF EXISTS `Ticket`;
/*!40101 SET @saved_cs_client     = @@character_set_client */;
/*!50503 SET character_set_client = utf8mb4 */;
CREATE TABLE `Ticket` (
  `ticketId` int NOT NULL AUTO_INCREMENT,
  `price` int NOT NULL,
  `tax` varchar(45) DEFAULT NULL,
  `screen_screenId` varchar(255) DEFAULT NULL,
  `seats_seatNumber` varchar(45) DEFAULT NULL,
  `seats_seatRow` varchar(45) DEFAULT NULL,
  `seats_seatId` int DEFAULT NULL,
  `purchase_purchaseId` int DEFAULT NULL,
  PRIMARY KEY (`ticketId`),
  KEY `screenId_FK` (`screen_screenId`),
  KEY `ticketId_Ticket_FK_idx` (`purchase_purchaseId`),
  CONSTRAINT `purchase_Ticket_FK` FOREIGN KEY (`purchase_purchaseId`) REFERENCES `Purchase` (`purchaseId`) ON UPDATE CASCADE,
  CONSTRAINT `screenId_Ticket_FK` FOREIGN KEY (`screen_screenId`) REFERENCES `Screen` (`screenId`) ON DELETE CASCADE ON UPDATE CASCADE
) ENGINE=InnoDB AUTO_INCREMENT=413 DEFAULT CHARSET=latin1;
/*!40101 SET character_set_client = @saved_cs_client */;

--
-- Dumping data for table `Ticket`
--

LOCK TABLES `Ticket` WRITE;
/*!40000 ALTER TABLE `Ticket` DISABLE KEYS */;
INSERT INTO `Ticket` VALUES (369,3,'1.33','T10','A1','1',149,172),(370,3,'1.33','T10','A2','1',150,172),(373,3,'1.33','T10','A4','1',152,174),(374,3,'1.33','T10','A3','1',151,174),(375,3,'1.33','T12','B2','1',218,175),(376,3,'1.33','T12','B1','1',217,175),(377,3,'1.33','T12','C1','2',227,176),(378,3,'1.33','T12','C2','2',228,176),(379,3,'1.33','T12','D2','3',238,191),(380,3,'1.33','T12','D1','3',237,191),(381,3,'1.33','T12','B3','1',219,192),(382,3,'1.33','T12','B4','1',220,192),(383,3,'1.33','T12','C4','2',230,193),(384,3,'1.33','T12','C3','2',229,193),(385,3,'1.25','T2','A1','1',4,194),(386,3,'1.25','T2','A2','1',5,194),(387,3,'1.25','T2','B2','2',10,196),(388,3,'1.25','T2','B1','2',9,196),(389,3,'1.25','T2','A3','1',6,197),(390,3,'1.25','T2','A4','1',7,197),(399,3,'1.33','T12','D9','3',245,200),(400,3,'1.33','T12','D10','3',246,200),(401,3,'1.33','T27','A1','1',2667,201),(402,3,'1.33','T27','A2','1',2668,201),(403,3,'1.33','T54','C4','3',10381,202),(404,3,'1.33','T54','C3','3',10380,202),(405,3,'1.33','T64','G2','7',10924,204),(406,3,'1.33','T64','G1','7',10923,204),(407,3,'1.33','T11','B1','2',164,205),(408,3,'1.33','T11','B2','2',165,205),(409,3,'1.33','T15','B2','1',1718,206),(410,3,'1.33','T15','B1','1',1717,206),(411,3,'1.33','T49','B1','2',8301,207),(412,3,'1.33','T49','B2','2',8302,207);
/*!40000 ALTER TABLE `Ticket` ENABLE KEYS */;
UNLOCK TABLES;

--
-- Temporary view structure for view `tickets_per_user_per_purchase`
--

DROP TABLE IF EXISTS `tickets_per_user_per_purchase`;
/*!50001 DROP VIEW IF EXISTS `tickets_per_user_per_purchase`*/;
SET @saved_cs_client     = @@character_set_client;
/*!50503 SET character_set_client = utf8mb4 */;
/*!50001 CREATE VIEW `tickets_per_user_per_purchase` AS SELECT 
 1 AS `user`,
 1 AS `movieId`,
 1 AS `movie`,
 1 AS `venue`,
 1 AS `secreenId`,
 1 AS `date`,
 1 AS `purchaseId`,
 1 AS `ticketId`,
 1 AS `seatId`*/;
SET character_set_client = @saved_cs_client;

--
-- Table structure for table `Venues`
--

DROP TABLE IF EXISTS `Venues`;
/*!40101 SET @saved_cs_client     = @@character_set_client */;
/*!50503 SET character_set_client = utf8mb4 */;
CREATE TABLE `Venues` (
  `venuesId` int NOT NULL AUTO_INCREMENT,
  `name` varchar(45) CHARACTER SET utf8 COLLATE utf8_hungarian_ci DEFAULT NULL,
  `address` varchar(255) CHARACTER SET utf8 COLLATE utf8_hungarian_ci DEFAULT NULL,
  `contact` varchar(45) CHARACTER SET latin1 COLLATE latin1_swedish_ci DEFAULT NULL,
  `venues_picture` varchar(45) CHARACTER SET latin1 COLLATE latin1_swedish_ci DEFAULT NULL,
  `screen_screenId` varchar(255) CHARACTER SET latin1 COLLATE latin1_swedish_ci DEFAULT NULL,
  `location_locationId` int DEFAULT NULL,
  PRIMARY KEY (`venuesId`),
  KEY `screenId_FK_idx` (`screen_screenId`),
  KEY `locationId_FK_idx` (`location_locationId`),
  CONSTRAINT `locationId_FK` FOREIGN KEY (`location_locationId`) REFERENCES `location` (`locationId`) ON UPDATE CASCADE,
  CONSTRAINT `screenId_FK` FOREIGN KEY (`screen_screenId`) REFERENCES `Screen` (`screenId`) ON DELETE CASCADE ON UPDATE CASCADE
) ENGINE=InnoDB AUTO_INCREMENT=295 DEFAULT CHARSET=utf8mb3 COLLATE=utf8_hungarian_ci;
/*!40101 SET character_set_client = @saved_cs_client */;

--
-- Dumping data for table `Venues`
--

LOCK TABLES `Venues` WRITE;
/*!40000 ALTER TABLE `Venues` DISABLE KEYS */;
INSERT INTO `Venues` VALUES (2,'Művész Mozi','Budapest, Teréz krt. 30, 1066 Magyarország','Quentin Tarantino','/images/venues/corvin2_med.jpg','T2',6),(10,'Corvin Mozi','The Tower of London','Yeoman Warder','/images/venues/corvin2_med.jpg','T3',3),(11,'Cinema City Allee','Budapest, Allee bevásárlóközpont, Október huszonharmadika u. 8-10, 1117 Magyarország','Quentin Tarantino','/images/venues/cinemacity03.jpg','T4',10),(12,'Müvész Mozi','Budapest, Teréz krt. 30, 1066 Magyarország','Quentin Tarantino','/images/venues/muvesz_mozi.jpg','T5',6),(21,'Müvész Mozi','Budapest, Teréz krt. 30, 1066 Magyarország','Quentin Tarantino','/images/venues/muvesz_mozi.jpg','T6',6),(22,'Uránia Filmszínház','Budapest, Rákóczi út 21, 1088 Magyarország','Quentin Tarantino','/images/venues/urania_mozi.jpg','T7',2),(24,'Uránia Filmszínház','Budapest, Rákóczi út 21, 1088 Magyarország','Tim Roth','/images/venues/urania_mozi.jpg','T8',2),(25,'Müvész Mozi','Budapest, Teréz krt. 30, 1066 Magyarország','Quentin Tarantino','/images/venues/muvesz_mozi.jpg','T9',6),(26,'Cinema City Allee','Budapest, Allee bevásárlóközpont, Október huszonharmadika u. 8-10, 1117 Magyarország','ET','/images/venues/cinemacity03.jpg','T10',10),(27,'Uránia Filmszínház','Budapest, Rákóczi út 21, 1088 Magyarország','Tim Roth','/images/venues/urania_mozi.jpg','T11',2),(32,'Corvin Mozi','Budapest, Corvin köz 1, 1082 Magyarország','Tim Roth','/images/venues/urania_mozi.jpg','T12',3),(72,'Puskin Mozi','Budapest, Kossuth Lajos u. 18, 1053 Magyarország','Tim Roth','/images/venues/puskin_mozi.jpg','T13',5),(78,'Puskin Mozi','Budapest, Kossuth Lajos u. 18, 1053 Magyarország','Tim Roth','/images/venues/puskin_mozi.jpg','T14',5),(80,'Puskin Mozi','Budapest, Kossuth Lajos u. 18, 1053 Magyarország','Tim Roth','/images/venues/puskin_mozi.jpg','T15',5),(82,'Puskin Mozi','Budapest, Kossuth Lajos u. 18, 1053 Magyarország','Tim Roth','/images/venues/puskin_mozi.jpg','T16',5),(84,'Puskin Mozi','Budapest, Kossuth Lajos u. 18, 1053 Magyarország','Tim Roth','/images/venues/puskin_mozi.jpg','T17',5),(85,'Puskin Mozi','Budapest, Kossuth Lajos u. 18, 1053 Magyarország','Tim Roth','/images/venues/puskin_mozi.jpg','T18',5),(88,'Puskin Mozi','Budapest, Kossuth Lajos u. 18, 1053 Magyarország','Tim Roth','/images/venues/puskin_mozi.jpg','T19',5),(89,'Corvin Mozi','Budapest, Corvin köz 1, 1082 Magyarország','Tim Roth','/images/venues/corvin2_med.jpg','T20',3),(90,'Cinema City Campona','Budapest, Nagytétényi út 37-43, 1225 Magyarország','Tim Roth','/images/venues/campona-mozi.jpg','T21',7),(93,'Cinema City Mom Park','Budapest, Alkotás u. 53, Magyarország','Tim Roth','/images/venues/MOM-mozi.jpg','T23',1),(94,'Uránia Filmszínház','Budapest, Rákóczi út 21, 1088 Magyarország','Tim Roth','/images/venues/urania_mozi.jpg','T24',2),(116,'Szimpla Kertmozi','Budapest, Kazinczy u. 14, 1075 Magyarország','Tim Roth','/images/venues/szimpla_mozi.jpg','T27',11),(117,'Szimpla Kertmozi','Budapest, Kazinczy u. 14, 1075 Magyarország','Tim Roth','/images/venues/szimpla_mozi.jpg','T28',11),(118,'Corvin Mozi','Budapest, Corvin köz 1, 1082 Magyarország','Tim Roth','/images/venues/corvin2_med.jpg','T29',3),(121,'Cinema City Campona','Budapest, Nagytétényi út 37-43, 1225 Magyarország','Tim Roth','/images/venues/campona-mozi.jpg','T30',7),(122,'Cinema City Mom Park','Budapest, Alkotás u. 53, Magyarország','Tim Roth','/images/venues/MOM-mozi.jpg','T31',1),(123,'Puskin Mozi','Budapest, Kossuth Lajos u. 18, 1053 Magyarország','Tim Roth','/images/venues/puskin_mozi.jpg','T32',5),(149,'Corvin Mozi','Budapest, Corvin köz 1, 1082 Magyarország','Tim Roth','/images/venues/corvin2_med.jpg','T33',3),(150,'Szimpla Kertmozi','Budapest, Kazinczy u. 14, 1075 Magyarország','Tim Roth','/images/venues/szimpla_mozi.jpg','T34',11),(151,'Szimpla Kertmozi','Budapest, Kazinczy u. 14, 1075 Magyarország','Tim Roth','/images/venues/szimpla_mozi.jpg','T35',11),(153,'Corvin Mozi','Budapest, Corvin köz 1, 1082 Magyarország','Tim Roth','/images/venues/corvin2_med.jpg','T39',3),(154,'Corvin Mozi','Budapest, Corvin köz 1, 1082 Magyarország','Tim Roth','/images/venues/corvin2_med.jpg','T40',3),(155,'Puskin Mozi','Budapest, Kossuth Lajos u. 18, 1053 Magyarország','Tim Roth','/images/venues/puskin_mozi.jpg','T41',5),(156,'Cinema City Allee','Budapest, Allee bevásárlóközpont, Október huszonharmadika u. 8-10, 1117 Magyarország','Tim Roth','/images/venues/cinemacity03.jpg','T42',10),(159,'Palace Mammut','Budapest, Lövőház u. 2-6, 1024 Magyarország','Tim Roth','/images/venues/mammut-mozi.jpg','T45',9),(160,'Örökmozgó Filmmúzeum','Budapest, Erzsébet krt. 39, 1074 Magyarország','Tim Roth','','T46',12),(162,'Örökmozgó Filmmúzeum','Budapest, Erzsébet krt. 39, 1074 Magyarország','Tim Roth','','T47',12),(167,'Uránia Filmszínház','Budapest, Rákóczi út 21, 1088 Magyarország','Tim Roth','/images/venues/urania_mozi.jpg','T48',2),(204,'Cinema City Allee','Budapest, Allee bevásárlóközpont, Október huszonharmadika u. 8-10, 1117 Magyarország','Tim Roth','/images/venues/cinemacity03.jpg','T49',10),(205,'Cinema City Allee','Budapest, Allee bevásárlóközpont, Október huszonharmadika u. 8-10, 1117 Magyarország','Tim Roth','/images/venues/cinemacity03.jpg','T50',10),(206,'Cinema City Mom Park','Budapest, Alkotás u. 53, Magyarország','Tim Roth','/images/venues/MOM-mozi.jpg','T51',1),(237,'Palace Mammut','Budapest, Lövőház u. 2-6, 1024 Magyarország','Quentin Tarantino','/images/venues/mammut-mozi.jpg','T52',9),(238,'Palace Mammut','Budapest, Lövőház u. 2-6, 1024 Magyarország','Quentin Tarantino','/images/venues/mammut-mozi.jpg','T53',9),(239,'Cinema City Allee','Budapest, Allee bevásárlóközpont, Október huszonharmadika u. 8-10, 1117 Magyarország','Tim Roth','/images/venues/cinemacity03.jpg','T54',10),(242,'Palace Mammut','Budapest, Lövőház u. 2-6, 1024 Magyarország','Tim Roth','/images/venues/mammut-mozi.jpg','T57',9),(282,'Uránia Filmszínház','Budapest, Rákóczi út 21, 1088 Magyarország','Quentin Tarantino','/images/venues/urania_mozi.jpg','T58',2),(286,'Uránia Filmszínház','Budapest, Rákóczi út 21, 1088 Magyarország','Quentin Tarantino','/images/venues/urania_mozi.jpg','T59',2),(287,'Uránia Filmszínház','Budapest, Rákóczi út 21, 1088 Magyarország','Tim Roth','/images/venues/urania_mozi.jpg','T60',2),(288,'Szimpla Kertmozi','Budapest, Kazinczy u. 14, 1075 Magyarország','Tim Roth','/images/venues/szimpla_mozi.jpg','T61',11),(289,'Szimpla Kertmozi','Budapest, Kazinczy u. 14, 1075 Magyarország','Tim Roth','/images/venues/szimpla_mozi.jpg','T62',11),(291,'Uránia Filmszínház','Budapest, Rákóczi út 21, 1088 Magyarország','Tim Roth','/images/venues/urania_mozi.jpg','T63',2),(293,'Cinema City Allee','Budapest, Allee bevásárlóközpont, Október huszonharmadika u. 8-10, 1117 Magyarország','Tim Roth','/images/venues/cinemacity03.jpg','T64',10),(294,'Művész Mozi','Budapest, Teréz krt. 30, 1066 Magyarország','Tim Roth','/images/venues/muvesz_mozi.jpg','T65',6);
/*!40000 ALTER TABLE `Venues` ENABLE KEYS */;
UNLOCK TABLES;

--
-- Dumping routines for database 'book'
--

--
-- Final view structure for view `seats_per_screen_on_venue`
--

/*!50001 DROP VIEW IF EXISTS `seats_per_screen_on_venue`*/;
/*!50001 SET @saved_cs_client          = @@character_set_client */;
/*!50001 SET @saved_cs_results         = @@character_set_results */;
/*!50001 SET @saved_col_connection     = @@collation_connection */;
/*!50001 SET character_set_client      = utf8 */;
/*!50001 SET character_set_results     = utf8 */;
/*!50001 SET collation_connection      = utf8_general_ci */;
/*!50001 CREATE ALGORITHM=UNDEFINED */
/*!50013 DEFINER=`root`@`%` SQL SECURITY DEFINER */
/*!50001 VIEW `seats_per_screen_on_venue` AS select `movie`.`movieId` AS `movieId`,`movie`.`name` AS `movie`,`venues`.`name` AS `venue`,`screen`.`screenId` AS `secreenId`,`screeningdates`.`screeningDate` AS `date`,`seats`.`seatId` AS `seatId`,`seats`.`seatNumber` AS `seatNumber` from ((((`movie` join `screen` on((`screen`.`movie_movieId` = `movie`.`movieId`))) join `screeningdates` on((`screeningdates`.`screeningDatesId` = `screen`.`screeningdates_screeningDatesId`))) join `seats` on((`seats`.`screen_screenId` = `screen`.`screenId`))) join `venues` on((`venues`.`screen_screenId` = `screen`.`screenId`))) */;
/*!50001 SET character_set_client      = @saved_cs_client */;
/*!50001 SET character_set_results     = @saved_cs_results */;
/*!50001 SET collation_connection      = @saved_col_connection */;

--
-- Final view structure for view `tickets_per_user_per_purchase`
--

/*!50001 DROP VIEW IF EXISTS `tickets_per_user_per_purchase`*/;
/*!50001 SET @saved_cs_client          = @@character_set_client */;
/*!50001 SET @saved_cs_results         = @@character_set_results */;
/*!50001 SET @saved_col_connection     = @@collation_connection */;
/*!50001 SET character_set_client      = utf8 */;
/*!50001 SET character_set_results     = utf8 */;
/*!50001 SET collation_connection      = utf8_general_ci */;
/*!50001 CREATE ALGORITHM=UNDEFINED */
/*!50013 DEFINER=`root`@`%` SQL SECURITY DEFINER */
/*!50001 VIEW `tickets_per_user_per_purchase` AS select `purchase`.`uuid` AS `user`,`movie`.`movieId` AS `movieId`,`movie`.`name` AS `movie`,`venues`.`name` AS `venue`,`screen`.`screenId` AS `secreenId`,`screeningdates`.`screeningDate` AS `date`,`purchase`.`purchaseId` AS `purchaseId`,`ticket`.`ticketId` AS `ticketId`,`seats`.`seatId` AS `seatId` from ((((((`movie` join `screen` on((`screen`.`movie_movieId` = `movie`.`movieId`))) join `screeningdates` on((`screeningdates`.`screeningDatesId` = `screen`.`screeningdates_screeningDatesId`))) join `ticket` on((`ticket`.`screen_screenId` = `screen`.`screenId`))) join `purchase` on((`purchase`.`purchaseId` = `ticket`.`purchase_purchaseId`))) join `seats` on((`seats`.`seatId` = `ticket`.`seats_seatId`))) join `venues` on((`venues`.`screen_screenId` = `screen`.`screenId`))) */;
/*!50001 SET character_set_client      = @saved_cs_client */;
/*!50001 SET character_set_results     = @saved_cs_results */;
/*!50001 SET collation_connection      = @saved_col_connection */;
/*!40103 SET TIME_ZONE=@OLD_TIME_ZONE */;

/*!40101 SET SQL_MODE=@OLD_SQL_MODE */;
/*!40014 SET FOREIGN_KEY_CHECKS=@OLD_FOREIGN_KEY_CHECKS */;
/*!40014 SET UNIQUE_CHECKS=@OLD_UNIQUE_CHECKS */;
/*!40101 SET CHARACTER_SET_CLIENT=@OLD_CHARACTER_SET_CLIENT */;
/*!40101 SET CHARACTER_SET_RESULTS=@OLD_CHARACTER_SET_RESULTS */;
/*!40101 SET COLLATION_CONNECTION=@OLD_COLLATION_CONNECTION */;
/*!40111 SET SQL_NOTES=@OLD_SQL_NOTES */;

-- Dump completed on 2022-12-14  9:38:46